ticker,name,industry,mcap,tier,quality,growth,structural,revision,valuation,rerating,score100,px,vs200,vs_hi2y,yoy3,accel,rev12m_g,eps4,eps_g,q_eps_yoy,roe,roic,gm_now,gm_chg,gm_5y_med,opm_chg,fcf_margin,ocf_ni,capex_g,capex_rev,nd_ebitda,cap_chg,pe,pe_pct5y,pe_p25,pe_p50,pe_p75,forward_pe,peg,eps_annual,eps_5y_med,cyclical_sector,cycle_peak_risk,normalized_eps,normalized_pe,gm_jump,eps_fy1,eps_fy2,eps_fy3,eps_source,eps_confidence,eps_cagr_3y,eps_rev_1m,eps_rev_3m,rev_source,analyst_up,analyst_down,next_platform_score,new_capacity_score,new_product_mix,order_visibility,tam_score,structural_score,structural_source,quali_filled,evidence_ok,sources,rerating_bm,rerating_nm,rerating_room,rerating_score,required_pe_for_2x,double_verdict,bear_target,base_target,bull_target,bear_upside,base_upside,bull_upside,down_up_ratio,scenario_source,reward_risk,doublebagger_base,doublebagger_bull,refresh_priority,refresh_reason,horizon_complete,gpt_action,evidence_count,fresh_evidence_count,avg_confidence,stale_ratio,evidence_coverage,why,risk,action_signal,signal_reason,held,holding_note,thesis_status,thesis_note
2330,台積電,半導體,583470.0,A,25,20,18.0,10,7,1,81.0,2410.0,20.1,-4.0,47.5,19.3,32.2,86.28,53.2,77.4,39.3,47.9,63.9,5.4,56.0,7.1,59.0,2.92,34.9,76.2,-0.54,-0.0,27.9,79.0,16.7,23.4,27.5,17.6,0.48,"{""2021"": 23.02, ""2022"": 39.2, ""2023"": 32.34, ""2024"": 45.26, ""2025"": 66.26}",39.2,False,False,39.2,61.5,7.9,137.21,172.01,221.5,manual:consensus T+3(2029E),verified,36.9,24.2,19.3,proxy,,,5.0,4.0,2,3,4,18.0,"platform:manual,capacity:manual,mix:proxy,visibility:manual,tam:manual",4,False,,0,1,0,1,21.8,合理(≤PE中位),2741.0,4873.0,5760.0,14.0,102.0,139.0,,partial(無Bear),9.9,True,True,10,無證據帳本,True,ADD,,,,,,最穩 EPS 複利；A14/CoWoS/SoIC 到 2029、營收+48%、加速+19pp、ROE39%、FCF59%、結構18、翻倍PE合理,質化無來源、基數大、地緣政治與資本支出週期；估值已高於歷史低檔。,HOLD,無證據帳本、量化達 ADD 門檻但缺新鮮證據→先補帳本,False,,OK,
8210,勤誠,電腦及週邊,1660.0,A,22,20,15.0,5,9,8,79.0,986.0,-6.6,-35.9,58.9,26.0,56.1,38.45,77.6,61.6,42.0,64.1,31.6,3.5,24.5,3.1,19.0,2.12,84.6,13.7,-0.62,3.9,25.9,60.0,12.0,20.9,30.4,14.7,0.61,"{""2021"": 5.62, ""2022"": 8.32, ""2023"": 9.02, ""2024"": 16.05, ""2025"": 29.02}",9.02,False,False,9.02,109.3,7.1,66.9,73.45,73.45,manual:consensus T+2(2028E)代理,verified-T+2,24.1,-16.0,26.0,proxy,,,5.0,4.0,2,0,4,15.0,"platform:manual,capacity:manual,mix:proxy,visibility:none,tam:manual",3,False,,4,3,1,8,26.8,合理(≤PE p75)(T+2代理),826.0,1469.0,2090.0,-16.0,49.0,112.0,0.33,partial(無Bear),3.02,False,True,12,無證據帳本、缺2029E共識,False,HOLD,,,,,,機殼→整櫃→液冷機櫃，ASP×TAM 齊升、營收+59%、加速+26pp、ROE42%、FCF19%、結構15、翻倍PE合理,質化無來源、2026 EPS共識8月曾下修；新廠費用與專案遞延是主要風險。,HOLD,無證據帳本,False,,OK,
6805,富世達,電子零組件,1289.0,B,20,19,12.0,5,8,7,71.0,2200.0,31.6,-6.2,29.0,-39.4,53.9,46.75,123.6,157.1,44.0,,30.8,8.3,24.1,8.6,28.4,1.79,-31.9,5.5,-1.98,0.0,47.1,32.0,44.8,55.3,63.6,24.0,0.69,"{""2023"": 10.18, ""2024"": 17.9, ""2025"": 31.0}",17.9,False,False,17.9,122.9,6.7,91.64,114.19,114.19,manual:consensus T+2(2028E)代理,verified-T+2,34.7,33.5,-39.4,proxy,,,3.3,2.7,2,0,4,12.0,"platform:manual,capacity:manual,mix:proxy,visibility:none,tam:manual",3,False,,3,2,2,7,38.5,合理(≤PE中位)(T+2代理),1413.0,2512.0,3500.0,-36.0,14.0,59.0,2.52,partial(無Bear),0.4,False,False,11,無證據帳本、缺2029E共識,False,HOLD,,,,,,手機件→AI 液冷全套（QD/UQD/冷板）、ROE44%、FCF28%、結構12、翻倍PE合理,質化無來源、2026 EPS共識8月下修；高成長零組件股對單一專案與良率敏感。,WATCH,Base<20%,False,,OK,
2345,智邦,通信網路,13889.0,B,22,16,13.7,8,7,4,70.7,2100.0,17.3,-23.0,63.1,2.8,77.0,63.65,105.1,119.5,58.9,72.2,18.6,-1.1,20.6,0.4,8.8,1.28,83.7,4.2,-0.46,0.1,33.0,73.0,25.9,30.1,33.3,18.3,0.51,"{""2021"": 8.44, ""2022"": 14.64, ""2023"": 15.99, ""2024"": 21.49, ""2025"": 47.13}",15.99,False,False,15.99,131.3,-2.0,114.84,160.55,160.55,manual:consensus T+2(2028E)代理,verified-T+2,36.1,14.4,2.8,proxy,,,5.0,2.7,0,2,4,13.7,"platform:manual,capacity:manual,mix:proxy,visibility:manual,tam:manual",4,False,,2,2,0,4,26.2,合理(≤PE中位)(T+2代理),2258.0,4014.0,4860.0,8.0,91.0,131.0,,partial(無Bear),9.9,False,True,11,無證據帳本、缺2029E共識,False,ADD,,,,,,800G→1.6T→OCS/CPO 世代升級鏈、營收+63%、ROE59%、結構14、翻倍PE合理,質化無來源、真正3年期2029共識尚缺；AI CAPEX或網路規格延後會壓縮成長。,HOLD,無證據帳本,False,,OK,
2368,金像電,電子零組件,7225.0,B,19,20,13.3,10,6,2,70.3,1045.0,9.8,-29.6,81.0,22.5,69.7,28.5,119.2,166.7,42.0,51.7,34.7,4.9,27.2,5.4,2.4,1.41,41.1,21.0,-0.46,5.1,37.5,85.0,15.6,20.3,32.2,16.0,0.32,"{""2021"": 5.41, ""2022"": 8.89, ""2023"": 7.24, ""2024"": 11.54, ""2025"": 19.43}",8.89,False,False,8.89,117.5,7.5,65.11,95.07,95.07,manual:consensus T+2(2028E)代理,verified-T+2,49.4,47.5,22.5,proxy,,,3.3,4.0,2,0,4,13.3,"platform:manual,capacity:manual,mix:proxy,visibility:none,tam:manual",3,False,,1,1,0,2,22.0,合理(≤PE p75)(T+2代理),963.0,1711.0,2200.0,-8.0,64.0,111.0,0.12,partial(無Bear),8.08,False,True,11,無證據帳本、缺2029E共識,False,ADD,,,,,,AI server/switch 高階 PCB＋138 億擴產、營收+81%、加速+22pp、ROE42%、結構13、翻倍PE合理,PE位階85%、質化無來源、PE位階偏高；PCB擴產若快於需求可能壓回估值。,HOLD,無證據帳本,False,,OK,
6782,視陽,生技醫療,142.0,B,23,19,6,8,10,3,69,229.5,23.1,-9.8,28.6,16.6,18.1,16.49,47.9,56.4,24.4,25.2,47.0,6.8,42.0,7.4,19.9,3.14,58.4,43.2,-0.03,0.0,13.9,10.0,16.1,23.5,30.7,10.8,0.63,"{""2022"": 11.1, ""2023"": 4.78, ""2024"": 10.1, ""2025"": 14.08}",10.6,False,False,10.6,21.7,5.0,21.27,24.35,26.47,proxy:raw38%→g1=29%衰減,proxy,17.1,8.5,16.6,proxy,,,0,4,2,0,0,6,"platform:none,capacity:proxy,mix:proxy,visibility:none,tam:none",0,False,,0,0,3,3,17.3,合理(≤PE中位)(proxy EPS),276.0,622.0,935.0,20.0,171.0,307.0,,auto,9.9,True,True,9,無證據帳本,False,,,,,,,加速+17pp、ROE24%、FCF20%、翻倍PE合理,待質化,HOLD,無證據帳本,False,,OK,
2421,建準,電子零組件,423.0,B,22,19,6,9,9,2,67,178.0,21.7,-2.9,21.7,8.5,22.9,9.62,60.9,76.6,27.4,52.9,31.8,2.1,27.2,2.6,17.3,2.38,84.0,12.2,-1.22,4.9,19.1,48.0,17.0,19.3,22.2,14.2,0.79,"{""2021"": 1.71, ""2022"": 4.34, ""2023"": 5.16, ""2024"": 5.46, ""2025"": 7.94}",5.16,False,False,5.16,34.5,4.6,12.56,14.47,15.8,proxy:raw41%→g1=31%衰減,proxy,18.0,15.7,8.5,proxy,,,0,4,2,0,0,6,"platform:none,capacity:proxy,mix:proxy,visibility:none,tam:none",0,False,,0,0,2,2,22.5,需Re-rating(proxy EPS),201.0,305.0,403.0,13.0,71.0,127.0,,auto,9.9,False,True,9,無證據帳本,False,,,,,,,ROE27%、FCF17%,待質化,HOLD,無證據帳本,False,,OK,
2360,致茂,其他電子,9933.0,B,23,18,8.7,10,3,3,65.7,2030.0,25.4,-22.0,127.1,34.3,74.1,39.29,137.5,162.4,54.4,44.3,60.9,-0.1,58.4,6.2,32.4,1.14,289.3,3.5,-0.36,-0.0,51.8,90.0,19.7,24.8,33.8,31.7,1.28,"{""2021"": 9.96, ""2022"": 12.14, ""2023"": 9.45, ""2024"": 12.49, ""2025"": 27.68}",12.14,False,False,12.14,167.2,2.5,64.05,76.43,76.43,manual:consensus T+2(2028E)代理,verified-T+2,24.8,24.9,34.3,proxy,,,3.3,1.3,0,0,4,8.7,"platform:manual,capacity:manual,mix:proxy,visibility:none,tam:manual",3,False,,1,2,0,3,53.1,淘汰(PE不合理)(T+2代理),1204.0,2140.0,2850.0,-41.0,5.0,40.0,7.51,partial(無Bear),0.13,False,False,11,無證據帳本、缺2029E共識,False,HOLD,,,,,,賣鏟子（全平台測試）、營收+127%、加速+34pp、ROE54%、FCF32%,PE位階90%、翻倍需PE過高、質化無來源、目前估值位階高，若2028後成長放緩，PE壓縮可能抵銷EPS成長。,WATCH,Base<20%,False,,OK,
2383,台光電,電子零組件,17737.0,WATCH,17,15,14.0,10,6,2,64.0,5415.0,53.7,-14.3,126.6,38.4,77.8,64.08,83.1,175.0,45.6,38.8,30.5,1.4,27.5,2.4,-5.6,1.21,93.0,25.0,0.09,4.1,84.7,92.0,15.6,21.4,33.3,25.0,0.34,"{""2021"": 16.49, ""2022"": 15.24, ""2023"": 16.33, ""2024"": 27.81, ""2025"": 41.66}",16.49,False,False,16.49,328.4,3.0,216.47,339.96,339.96,manual:consensus T+2(2028E)代理,verified-T+2,74.4,91.9,38.4,proxy,,,5.0,4.0,1,0,4,14.0,"platform:manual,capacity:manual,mix:proxy,visibility:none,tam:manual",3,False,,1,1,0,2,31.9,合理(≤PE p75)(T+2代理),3442.0,6119.0,7600.0,-36.0,13.0,40.0,2.8,partial(無Bear),0.36,False,False,10,無證據帳本、缺2029E共識,False,WATCH,,,,,,M9 量產、2027 產能+50%、營收+127%、加速+38pp、ROE46%、結構14、翻倍PE合理,PE位階92%、質化無來源、目前PE位階92%，價格已反映大量成長；真正3年翻倍需2029仍維持高成長。,WATCH,分數<65、Base<20%,False,,OK,
6531,愛普*,半導體,1570.0,WATCH,23,18,9.7,5,3,5,63.7,911.0,34.6,-22.9,118.3,20.0,89.5,17.38,350.3,,23.6,62.3,47.8,-0.7,45.8,4.5,81.6,3.22,147.2,2.1,-3.85,0.6,52.5,72.0,26.7,34.8,61.1,36.3,1.4,"{""2021"": 19.11, ""2022"": 12.08, ""2023"": 8.93, ""2024"": 9.73, ""2025"": 7.73}",9.73,False,False,9.73,93.6,2.0,25.07,30.61,34.68,proxy:raw119%→g1=44%衰減,proxy,25.9,,20.0,proxy,,,1.7,4,0,0,4,9.7,"platform:manual,capacity:proxy,mix:proxy,visibility:none,tam:manual",2,False,,3,2,0,5,52.5,合理(≤PE p75)(proxy EPS),694.0,1207.0,2437.0,-24.0,32.0,167.0,0.73,auto,1.37,False,True,8,無證據帳本,False,WATCH,,,,,,VHM/S-SiCap 若成 AI 標準件則改變公司級別、營收+118%、加速+20pp、ROE24%、FCF82%、翻倍PE合理,質化無來源、缺乏可靠2029 EPS共識；技術量產與客戶導入風險高。,WATCH,分數<65,False,,OK,
6139,亞翔,其他電子,1683.0,WATCH,20,20,3.5,9,9,2,63.5,736.0,14.7,-20.6,71.7,5.3,84.6,49.73,198.1,473.5,60.0,,19.4,5.7,9.3,5.7,32.9,4.3,37.3,0.4,-2.11,1.3,14.8,44.0,12.9,16.0,21.9,10.3,0.41,"{""2021"": 1.43, ""2022"": 4.44, ""2023"": 12.81, ""2024"": 18.72, ""2025"": 30.49}",12.81,False,False,12.81,57.5,10.1,71.16,86.49,97.68,proxy:raw96%→g1=43%衰減,proxy,25.2,101.9,5.3,proxy,,,0,1.5,2,0,0,3.5,"platform:none,capacity:proxy,mix:proxy,visibility:none,tam:none",0,False,,0,0,2,2,15.1,合理(≤PE中位)(proxy EPS),945.0,1563.0,2460.0,28.0,112.0,234.0,,auto,9.9,True,True,8,無證據帳本,False,,,,,,,營收+72%、ROE60%、FCF33%、翻倍PE合理,待質化,WATCH,分數<65,False,,OK,
6442,光聖,通信網路,1604.0,WATCH,22,19,7.3,10,4,1,63.3,1755.0,7.6,-25.3,55.6,21.2,30.5,35.65,121.8,331.2,34.9,50.5,59.0,1.8,36.3,4.8,47.0,2.52,-59.4,2.3,-2.39,6.4,51.9,61.0,19.1,42.6,60.4,34.6,1.4,"{""2021"": 1.56, ""2022"": 4.85, ""2023"": 2.53, ""2024"": 14.2, ""2025"": 23.48}",4.85,False,False,4.85,361.9,22.7,50.76,61.52,69.35,proxy:raw88%→g1=42%衰減,proxy,24.8,178.2,21.2,proxy,,,3.3,0,1,0,3,7.3,"platform:manual,capacity:proxy,mix:proxy,visibility:none,tam:manual",2,False,,0,0,1,1,50.6,合理(≤PE p75)(proxy EPS),993.0,2954.0,4817.0,-43.0,68.0,174.0,0.63,auto,1.57,False,True,8,無證據帳本,False,,,,,,,光通訊、營收+56%、加速+21pp、ROE35%、FCF47%、翻倍PE合理,質化無來源、PE 52x,WATCH,分數<65,False,,OK,
3665,貿聯-KY,其他電子,5352.0,WATCH,19,15,11.0,5,6,6,62.0,2145.0,14.2,-26.4,59.1,31.8,39.7,54.53,57.5,45.0,23.0,22.6,31.2,1.3,26.3,2.7,8.4,1.68,0.4,9.5,0.06,19.4,39.4,90.0,14.9,20.6,32.3,19.3,0.49,"{""2021"": 15.22, ""2022"": 24.94, ""2023"": 14.41, ""2024"": 25.29, ""2025"": 46.62}",24.94,False,False,24.94,86.0,4.9,111.23,148.41,148.41,manual:consensus T+2(2028E)代理,verified-T+2,39.6,-12.5,31.8,proxy,,,3.3,2.7,1,0,4,11.0,"platform:manual,capacity:manual,mix:proxy,visibility:none,tam:manual",3,False,,3,3,0,6,28.9,合理(≤PE p75)(T+2代理),1670.0,2968.0,3740.0,-22.0,38.0,74.0,0.58,partial(無Bear),1.73,False,False,10,無證據帳本、缺2029E共識,False,HOLD,,,,,,線材→AI Data+Power 互連（HVDC/AEC/CPO）、營收+59%、加速+32pp、ROE23%、翻倍PE合理,PE位階90%、股本+19%、質化無來源、PE位階高且有股本稀釋風險；需確認2029持續性。,WATCH,分數<65,False,,OK,
1736,喬山,代碼37,373.0,WATCH,21,14,5,10,9,3,62,125.5,-3.3,-38.5,17.5,10.1,10.1,11.06,25.8,762.2,25.4,17.8,53.6,2.2,48.7,0.6,5.7,1.37,68.4,6.3,0.77,-0.1,11.3,0.0,16.6,27.0,42.7,9.6,0.88,"{""2021"": 0.13, ""2022"": 1.42, ""2023"": 2.33, ""2024"": 8.01, ""2025"": 9.07}",2.33,False,False,2.33,53.9,4.9,13.09,14.29,15.08,proxy:raw22%→g1=18%衰減,proxy,10.9,274.2,10.1,proxy,,,0,4,1,0,0,5,"platform:none,capacity:proxy,mix:proxy,visibility:none,tam:none",0,False,,0,0,3,3,16.6,合理(≤PE中位)(proxy EPS),128.0,407.0,741.0,2.0,224.0,490.0,,auto,9.9,True,True,8,無證據帳本,False,,,,,,,加速+10pp、ROE25%、翻倍PE合理,待質化,WATCH,分數<65,False,,OK,
3013,晟銘電,電腦及週邊,221.0,WATCH,21,19,2,8,9,3,62,88.0,-15.7,-45.4,20.1,3.2,18.8,5.43,49.2,161.1,21.0,22.8,20.6,4.3,12.5,3.9,8.8,2.02,-14.6,10.3,-0.19,7.8,16.9,2.0,25.7,32.5,46.9,12.8,0.81,"{""2021"": -0.73, ""2022"": 1.12, ""2023"": 1.29, ""2024"": 3.62, ""2025"": 4.03}",1.29,False,False,1.29,68.2,8.1,6.9,7.83,8.46,proxy:raw35%→g1=27%衰減,proxy,15.9,111.9,3.2,proxy,,,0,0,2,0,0,2,"platform:none,capacity:proxy,mix:proxy,visibility:none,tam:none",0,False,,0,0,3,3,20.8,合理(≤PE中位)(proxy EPS),107.0,275.0,456.0,22.0,212.0,419.0,,auto,9.9,True,True,8,無證據帳本,False,,,,,,,ROE21%、翻倍PE合理,待質化,WATCH,分數<65,False,,OK,
3617,碩天,其他電子,187.0,WATCH,22,16,2,10,9,3,62,248.0,26.1,-30.3,20.2,17.2,1.6,21.01,22.9,3578.9,21.0,29.5,56.0,3.5,46.5,1.4,30.8,2.56,-45.1,1.1,-1.06,4.1,11.9,24.0,12.0,13.8,15.5,10.0,0.93,"{""2021"": -0.9, ""2022"": 14.1, ""2023"": 16.97, ""2024"": 24.76, ""2025"": 14.48}",14.48,False,False,14.48,17.1,9.5,24.85,27.12,28.61,proxy:raw22%→g1=18%衰減,proxy,10.8,277.1,17.2,proxy,,,0,0,2,0,0,2,"platform:none,capacity:proxy,mix:proxy,visibility:none,tam:none",0,False,,0,0,3,3,17.3,需Re-rating(proxy EPS),255.0,395.0,510.0,3.0,59.0,106.0,,auto,9.9,False,True,8,無證據帳本,False,,,,,,,加速+17pp、ROE21%、FCF31%,待質化,WATCH,分數<65,False,,OK,
6183,關貿,資訊服務,138.0,WATCH,23,15,4,10,7,3,62,91.6,1.9,-10.6,21.9,11.4,9.5,4.51,24.6,51.7,24.2,32.1,44.8,1.6,43.0,2.0,57.2,2.84,25.7,9.9,-0.64,0.0,20.4,28.0,19.7,23.1,24.8,17.0,1.47,"{""2021"": 2.84, ""2022"": 3.09, ""2023"": 3.2, ""2024"": 3.4, ""2025"": 3.9}",3.2,False,False,3.2,28.6,1.8,5.39,5.92,6.26,proxy:raw23%→g1=20%衰減,proxy,11.6,27.1,11.4,proxy,,,0,3,1,0,0,4,"platform:none,capacity:proxy,mix:proxy,visibility:none,tam:none",0,False,,0,0,3,3,29.3,需Re-rating(proxy EPS),92.0,145.0,179.0,1.0,58.0,95.0,,auto,9.9,False,False,8,無證據帳本,False,,,,,,,加速+11pp、ROE24%、FCF57%,待質化,WATCH,分數<65,False,,OK,
8462,柏文,代碼37,117.0,WATCH,23,17,2.5,6,10,3,61.5,165.5,14.1,-7.8,19.5,2.4,19.9,10.62,62.9,63.3,34.9,74.9,33.5,3.3,27.7,4.2,57.3,7.49,4.1,24.9,-0.3,1.3,15.8,5.0,22.8,31.3,52.4,11.9,0.66,"{""2021"": -1.85, ""2022"": 0.95, ""2023"": 1.5, ""2024"": 4.77, ""2025"": 8.49}",1.5,False,False,1.5,110.3,5.8,13.86,15.97,17.43,proxy:raw41%→g1=30%衰減,proxy,18.0,0.4,2.4,proxy,,,0,1.5,1,0,0,2.5,"platform:none,capacity:proxy,mix:proxy,visibility:none,tam:none",0,False,,0,0,3,3,19.0,合理(≤PE中位)(proxy EPS),207.0,546.0,1050.0,25.0,230.0,535.0,,auto,9.9,True,True,8,無證據帳本,False,,,,,,,ROE35%、FCF57%、翻倍PE合理,待質化,WATCH,分數<65,False,,OK,
2546,根基,建材營造,111.0,WATCH,19,17,2.5,10,10,3,61.5,107.5,38.2,-7.7,25.1,27.3,32.4,14.95,72.0,248.6,31.9,,11.0,1.5,9.3,1.7,29.4,2.72,214.3,0.3,-2.96,8.1,7.2,17.0,7.6,8.7,10.6,5.4,0.27,"{""2021"": 6.97, ""2022"": 9.24, ""2023"": 8.34, ""2024"": 7.15, ""2025"": 9.73}",8.34,False,False,8.34,12.9,1.7,19.99,23.36,25.72,proxy:raw49%→g1=34%衰減,proxy,19.8,176.6,27.3,proxy,,,0,1.5,1,0,0,2.5,"platform:none,capacity:proxy,mix:proxy,visibility:none,tam:none",0,False,,0,0,3,3,8.4,合理(≤PE中位)(proxy EPS),139.0,224.0,314.0,29.0,108.0,192.0,,auto,9.9,True,True,8,無證據帳本,False,,,,,,,加速+27pp、ROE32%、FCF29%、翻倍PE合理,待質化,WATCH,分數<65,False,,OK,
2059,川湖,電子零組件,4193.0,WATCH,23,16,12.3,10,0,0,61.3,13860.0,147.6,-4.1,249.4,199.6,112.8,181.39,168.5,1053.2,58.7,328.8,79.0,5.0,59.1,5.5,99.1,1.8,84.9,7.5,-1.47,0.0,76.4,99.0,19.3,27.8,34.4,52.7,2.0,"{""2021"": 21.75, ""2022"": 42.56, ""2023"": 28.38, ""2024"": 64.59, ""2025"": 103.23}",42.56,False,False,42.56,325.7,19.9,262.91,322.0,365.41,proxy:raw185%→g1=45%衰減,proxy,26.3,131.5,199.6,proxy,,,3.3,4,2,0,3,12.3,"platform:manual,capacity:proxy,mix:proxy,visibility:none,tam:manual",2,False,,0,0,0,0,75.9,淘汰(PE不合理)(proxy EPS),5289.0,10158.0,14456.0,-62.0,-27.0,4.0,,auto,0.0,False,False,8,無證據帳本,False,,,,,,,AI 伺服器導軌、營收+249%、加速+200pp、ROE59%、FCF99%、結構12,PE位階99%、翻倍需PE過高、質化無來源、PE 位階 99%,REDUCE,Base<20% 且 PE 位階≥95%,False,,OK,
6206,飛捷,電腦及週邊,158.0,WATCH,23,12,5,10,8,2,60,138.5,27.2,-12.3,36.6,12.6,13.9,9.06,24.5,128.0,24.8,43.4,44.8,1.1,38.1,1.3,18.7,1.28,104.9,5.5,-1.36,0.0,15.3,50.0,12.6,15.3,19.0,12.3,0.85,"{""2021"": 4.76, ""2022"": 7.28, ""2023"": 3.52, ""2024"": 6.93, ""2025"": 6.9}",6.9,False,False,6.9,20.1,6.7,11.28,12.66,13.6,proxy:raw31%→g1=25%衰減,proxy,14.5,103.5,12.6,proxy,,,0,4,1,0,0,5,"platform:none,capacity:proxy,mix:proxy,visibility:none,tam:none",0,False,,0,0,2,2,20.4,需Re-rating(proxy EPS),129.0,208.0,297.0,-7.0,50.0,115.0,0.14,auto,6.97,False,True,8,無證據帳本,False,,,,,,,營收+37%、加速+13pp、ROE25%、FCF19%,待質化,WATCH,分數<65,False,,OK,
1590,亞德客-KY,電機機械,2870.0,WATCH,23,14,3.5,10,7,2,59.5,1395.0,17.8,-12.5,46.3,18.4,29.4,52.04,38.6,62.4,20.2,22.1,47.8,2.2,46.8,3.7,38.1,2.43,1.3,15.6,-0.43,0.0,26.8,47.0,23.8,27.3,31.0,20.5,1.12,"{""2021"": 33.67, ""2022"": 30.07, ""2023"": 34.83, ""2024"": 38.13, ""2025"": 42.01}",34.83,False,False,34.83,40.1,1.0,68.21,78.81,86.16,proxy:raw42%→g1=31%衰減,proxy,18.3,23.8,18.4,proxy,,,0,1.5,2,0,0,3.5,"platform:none,capacity:proxy,mix:proxy,visibility:none,tam:none",0,False,,0,0,2,2,32.4,需Re-rating(proxy EPS),1538.0,2352.0,3072.0,10.0,69.0,120.0,,auto,9.9,False,True,8,無證據帳本,False,,,,,,,營收+46%、加速+18pp、ROE20%、FCF38%,待質化,WATCH,分數<65,False,,OK,
6197,佳必琪,電子零組件,286.0,WATCH,23,19,2,9,5,0,58,315.0,44.4,-15.4,28.6,8.8,20.7,11.95,52.8,81.3,29.8,36.4,35.4,2.5,29.7,3.1,18.9,2.0,-67.5,4.6,-0.73,0.0,26.6,91.0,14.6,17.0,20.9,20.2,1.13,"{""2021"": 3.06, ""2022"": 3.59, ""2023"": 5.2, ""2024"": 8.69, ""2025"": 8.67}",5.2,False,False,5.2,60.6,5.7,15.56,17.91,19.54,proxy:raw41%→g1=30%衰減,proxy,17.8,28.5,8.8,proxy,,,0,0,2,0,0,2,"platform:none,capacity:proxy,mix:proxy,visibility:none,tam:none",0,False,,0,0,0,0,32.2,淘汰(PE不合理)(proxy EPS),214.0,332.0,470.0,-32.0,5.0,49.0,5.88,auto,0.17,False,False,8,無證據帳本,False,,,,,,,ROE30%、FCF19%,PE位階91%、翻倍需PE過高、待質化,WATCH,分數<65、Base<20%,False,,OK,
2476,鉅祥,電子零組件,249.0,WATCH,21,17,0,10,9,1,58,121.0,18.2,-8.9,52.3,25.5,29.6,6.23,67.0,4500.0,15.2,22.7,31.0,-0.3,30.1,0.9,26.2,2.24,-69.7,11.1,-1.53,5.9,19.7,57.0,13.3,18.7,22.1,14.1,0.64,"{""2021"": 3.49, ""2022"": 4.58, ""2023"": 3.54, ""2024"": 5.17, ""2025"": 4.36}",4.36,False,False,4.36,27.8,0.9,8.56,10.16,11.3,proxy:raw60%→g1=37%衰減,proxy,22.0,233.0,25.5,proxy,,,0,0,0,0,0,0,"platform:none,capacity:proxy,mix:proxy,visibility:none,tam:none",0,False,,0,0,1,1,21.4,合理(≤PE p75)(proxy EPS),113.0,211.0,287.0,-7.0,75.0,137.0,0.09,auto,9.9,False,True,8,無證據帳本,False,,,,,,,營收+52%、加速+26pp、FCF26%、翻倍PE合理,待質化,WATCH,分數<65,False,,OK,
6525,捷敏-KY,半導體,133.0,WATCH,23,16,4,10,5,0,58,138.0,32.8,-37.6,27.5,11.1,16.8,7.19,38.3,101.8,20.4,28.3,27.0,1.8,25.9,2.7,42.5,3.87,21.3,11.6,-0.54,0.0,19.2,95.0,11.7,13.9,15.5,15.2,0.99,"{""2021"": 6.65, ""2022"": 7.2, ""2023"": 4.39, ""2024"": 5.15, ""2025"": 5.87}",5.87,False,False,5.87,23.5,1.1,9.06,10.23,11.03,proxy:raw33%→g1=26%衰減,proxy,15.3,63.5,11.1,proxy,,,0,3,1,0,0,4,"platform:none,capacity:proxy,mix:proxy,visibility:none,tam:none",0,False,,0,0,0,0,25.0,淘汰(PE不合理)(proxy EPS),97.0,153.0,197.0,-30.0,11.0,42.0,2.69,auto,0.37,False,False,8,無證據帳本,False,,,,,,,加速+11pp、ROE20%、FCF42%,PE位階95%、翻倍需PE過高、待質化,REDUCE,Base<20% 且 PE 位階≥95%、分數<60,False,,OK,
6209,今國光,光電,119.0,WATCH,13,20,6,8,8,3,58,81.5,22.6,-15.6,79.0,27.7,69.4,2.36,999,630.0,12.6,10.9,25.2,13.1,8.7,13.5,-0.1,4.7,122.8,16.8,-0.1,3.5,35.3,3.0,67.2,84.8,239.1,24.3,0.98,"{""2021"": -0.91, ""2022"": 0.38, ""2023"": -0.31, ""2024"": -0.75, ""2025"": 0.93}",-0.31,False,False,1.18,69.1,16.5,3.36,4.08,4.6,proxy:raw90%→g1=43%衰減,proxy,24.9,0,27.7,proxy,,,0,4,2,0,0,6,"platform:none,capacity:proxy,mix:proxy,visibility:none,tam:none",0,False,,0,0,3,3,35.4,合理(≤PE中位)(proxy EPS),122.0,390.0,1265.0,49.0,379.0,1452.0,,auto,9.9,True,True,8,無證據帳本,False,,,,,,,營收+79%、加速+28pp、翻倍PE合理,待質化,WATCH,分數<65,False,,OK,
3044,健鼎,電子零組件,2565.0,WATCH,22,14,6,10,5,0,57,488.5,23.1,-12.4,48.4,27.0,25.1,23.34,31.2,59.4,22.5,28.6,27.2,2.5,22.0,2.7,9.2,2.64,209.9,23.8,-0.37,0.0,20.9,94.0,10.4,13.1,17.4,16.1,0.92,"{""2021"": 11.15, ""2022"": 11.8, ""2023"": 11.55, ""2024"": 15.94, ""2025"": 19.45}",11.8,False,False,11.8,41.4,5.2,30.29,34.8,37.91,proxy:raw40%→g1=30%衰減,proxy,17.5,28.2,27.0,proxy,,,0,4,2,0,0,6,"platform:none,capacity:proxy,mix:proxy,visibility:none,tam:none",0,False,,0,0,0,0,25.8,淘汰(PE不合理)(proxy EPS),296.0,497.0,759.0,-39.0,2.0,55.0,23.74,auto,0.04,False,False,8,無證據帳本,False,,,,,,,營收+48%、加速+27pp、ROE22%,PE位階94%、翻倍需PE過高、待質化,WATCH,分數<65、Base<20%,False,,OK,
6196,帆宣,其他電子,865.0,WATCH,22,18,1,10,6,0,57,516.0,36.8,-12.5,95.7,72.7,19.0,22.32,102.2,319.0,29.2,61.5,12.1,1.6,10.7,1.1,18.9,4.15,-25.5,3.7,-2.12,9.4,23.4,88.0,12.1,16.8,20.2,16.1,0.63,"{""2021"": 8.24, ""2022"": 11.35, ""2023"": 10.97, ""2024"": 8.94, ""2025"": 15.43}",10.97,False,False,10.97,47.0,1.4,31.99,38.91,43.97,proxy:raw99%→g1=43%衰減,proxy,25.4,197.8,72.7,proxy,,,0,0,1,0,0,1,"platform:none,capacity:proxy,mix:proxy,visibility:none,tam:none",0,False,,0,0,0,0,23.5,需Re-rating(proxy EPS),399.0,739.0,1021.0,-23.0,43.0,98.0,0.53,auto,1.9,False,False,8,無證據帳本,False,,,,,,,營收+96%、加速+73pp、ROE29%、FCF19%,PE位階88%、待質化,WATCH,分數<65,False,,OK,
2472,立隆電,電子零組件,307.0,WATCH,22,17,3,10,5,0,57,225.0,15.9,-49.6,34.1,26.0,13.0,9.82,49.7,95.9,17.8,30.1,31.9,0.3,30.1,1.0,25.7,3.64,41.2,14.3,-0.7,0.0,22.9,94.0,9.4,12.2,13.6,17.5,0.97,"{""2021"": 6.12, ""2022"": 7.53, ""2023"": 5.59, ""2024"": 7.01, ""2025"": 8.72}",7.01,False,False,7.01,32.1,1.8,12.85,14.83,16.2,proxy:raw42%→g1=31%衰減,proxy,18.1,46.2,26.0,proxy,,,0,3,0,0,0,3,"platform:none,capacity:proxy,mix:proxy,visibility:none,tam:none",0,False,,0,0,0,0,27.8,淘汰(PE不合理)(proxy EPS),114.0,198.0,253.0,-49.0,-12.0,13.0,,auto,0.0,False,False,8,無證據帳本,False,,,,,,,營收+34%、加速+26pp、FCF26%,PE位階94%、翻倍需PE過高、待質化,WATCH,分數<65、Base<20%,False,,OK,
6669,緯穎,電腦及週邊,9236.0,WATCH,15,13,11.7,0,10,7,56.7,2565.0,65.3,-1.9,29.1,-19.9,74.3,313.51,64.6,23.3,45.7,38.3,8.2,-1.1,8.6,-0.7,-10.9,-1.93,130.9,2.7,0.21,6.9,8.2,0.0,15.1,18.1,21.4,5.1,0.17,"{""2021"": 49.46, ""2022"": 81.07, ""2023"": 68.88, ""2024"": 126.32, ""2025"": 275.06}",81.07,False,False,81.07,31.6,-0.4,500.0,612.5,695.19,partial:consensus T+1(2027E)僅一年+proxy,partial,30.4,-41.3,-19.9,proxy,,,5.0,2.7,0,0,4,11.7,"platform:manual,capacity:manual,mix:proxy,visibility:none,tam:manual",3,False,,2,2,3,7,7.4,合理(≤PE中位)(T+2代理),4275.0,12583.0,22225.0,67.0,391.0,766.0,,auto,9.9,True,True,10,無證據帳本、缺2029E共識,False,ADD,,,,,,AWS ASIC＋GPU 雙引擎、ROE46%、翻倍PE合理,現金流背離、質化無來源、客戶集中度高；2028/2029共識不足，三年模型需補。,REDUCE,EPS 1M/3M 同步下修、分數<60,False,,OK,
6166,凌華,電腦及週邊,173.0,WATCH,20,18,1.5,5,9,3,56.5,121.5,32.9,-27.0,47.8,11.8,28.4,5.24,326.0,,19.9,15.2,35.8,-0.5,36.7,6.3,7.0,2.2,13.5,1.5,0.49,0.1,23.2,23.0,23.9,38.5,72.3,16.3,0.66,"{""2021"": 0.55, ""2022"": 3.71, ""2023"": 1.51, ""2024"": 0.24, ""2025"": 2.35}",1.51,False,False,1.51,80.5,-0.9,7.44,9.0,10.13,proxy:raw84%→g1=42%衰減,proxy,24.6,,11.8,proxy,,,0,1.5,0,0,0,1.5,"platform:none,capacity:proxy,mix:proxy,visibility:none,tam:none",0,False,,0,0,3,3,24.0,合理(≤PE中位)(proxy EPS),176.0,390.0,842.0,45.0,221.0,593.0,,auto,9.9,True,True,8,無證據帳本,False,,,,,,,營收+48%、加速+12pp、翻倍PE合理,待質化,WATCH,分數<65,False,,,
6446,藥華藥,生技醫療,2431.0,WATCH,21,16,6,10,2,1,56,1310.0,68.3,-17.4,97.6,17.2,73.0,19.89,62.5,145.2,22.9,51.5,90.6,2.5,87.2,9.9,52.4,1.78,102.0,17.5,-2.71,12.0,64.2,61.0,43.5,54.0,102.0,46.6,1.92,"{""2021"": -10.8, ""2022"": -4.85, ""2023"": -2.01, ""2024"": 9.03, ""2025"": 14.27}",-2.01,False,False,9.95,131.7,3.4,28.14,33.98,38.21,proxy:raw80%→g1=41%衰減,proxy,24.3,82.7,17.2,proxy,,,0,4,2,0,0,6,"platform:none,capacity:proxy,mix:proxy,visibility:none,tam:none",0,False,,0,0,1,1,68.6,合理(≤PE p75)(proxy EPS),1247.0,2063.0,4482.0,-5.0,58.0,242.0,0.08,auto,9.9,False,True,8,無證據帳本,False,,,,,,,營收+98%、加速+17pp、ROE23%、FCF52%、翻倍PE合理,股本+12%、待質化,WATCH,分數<65,False,,,
6257,矽格,半導體,974.0,WATCH,17,19,6,9,5,0,56,212.0,27.7,-21.1,23.8,7.2,13.9,8.53,73.4,264.3,18.4,15.3,30.7,2.6,28.5,2.2,-0.2,5.14,64.8,78.5,-0.08,4.2,24.8,93.0,10.0,13.9,17.4,18.6,0.94,"{""2021"": 6.25, ""2022"": 6.69, ""2023"": 3.8, ""2024"": 5.89, ""2025"": 6.15}",6.15,False,False,6.15,34.5,2.2,11.41,13.33,14.68,proxy:raw49%→g1=34%衰減,proxy,19.8,190.9,7.2,proxy,,,0,4,2,0,0,6,"platform:none,capacity:proxy,mix:proxy,visibility:none,tam:none",0,False,,0,0,0,0,28.9,淘汰(PE不合理)(proxy EPS),110.0,204.0,294.0,-48.0,-4.0,39.0,,auto,0.0,False,False,8,無證據帳本,False,,,,,,,,PE位階93%、翻倍需PE過高、待質化,WATCH,分數<65、Base<20%,False,,,
1560,中砂,電機機械,848.0,WATCH,22,19,6,8,1,0,56,695.0,29.6,-9.0,24.4,1.9,21.8,11.93,62.1,91.8,21.4,16.4,35.4,4.4,32.0,2.5,17.1,2.99,181.8,36.0,-0.21,3.6,59.1,93.0,20.7,33.8,46.2,44.3,2.39,"{""2021"": 4.78, ""2022"": 8.71, ""2023"": 5.91, ""2024"": 7.1, ""2025"": 9.28}",7.1,False,False,7.1,97.9,3.4,15.68,18.15,19.86,proxy:raw43%→g1=31%衰減,proxy,18.5,29.7,1.9,proxy,,,0,4,2,0,0,6,"platform:none,capacity:proxy,mix:proxy,visibility:none,tam:none",0,False,,0,0,0,0,70.0,淘汰(PE不合理)(proxy EPS),308.0,671.0,1055.0,-56.0,-3.0,52.0,,auto,0.0,False,False,8,無證據帳本,False,,,,,,,ROE21%、FCF17%,PE位階93%、翻倍需PE過高、待質化,WATCH,分數<65、Base<20%,False,,,
5234,達興材料,光電,425.0,WATCH,23,14,5,10,3,1,56,293.0,-19.4,-36.6,17.3,11.1,11.4,8.38,29.3,43.9,26.0,22.5,41.7,2.7,36.1,1.7,29.6,2.67,50.2,15.0,-0.02,0.0,35.0,63.0,18.4,29.1,42.2,29.2,2.52,"{""2021"": 6.63, ""2022"": 4.15, ""2023"": 5.1, ""2024"": 5.56, ""2025"": 7.37}",5.56,False,False,5.56,52.7,5.6,10.02,11.0,11.65,proxy:raw23%→g1=20%衰減,proxy,11.6,14.6,11.1,proxy,,,0,4,1,0,0,5,"platform:none,capacity:proxy,mix:proxy,visibility:none,tam:none",0,False,,0,0,1,1,50.3,需Re-rating(proxy EPS),161.0,339.0,565.0,-45.0,16.0,93.0,2.87,auto,0.35,False,False,8,無證據帳本,False,,,,,,,加速+11pp、ROE26%、FCF30%,待質化,WATCH,分數<65、Base<20%,False,,,
8016,矽創,半導體,286.0,WATCH,22,14,3,9,8,0,56,293.5,26.0,-19.1,33.6,8.1,20.9,19.92,38.5,115.7,19.4,33.4,31.4,-0.9,35.0,0.4,31.0,3.68,33.3,9.6,-1.58,0.0,14.7,73.0,7.6,13.5,14.9,11.5,0.7,"{""2021"": 50.03, ""2022"": 30.11, ""2023"": 15.5, ""2024"": 15.42, ""2025"": 14.65}",15.5,False,False,15.5,18.9,-3.6,25.46,28.99,31.41,proxy:raw36%→g1=28%衰減,proxy,16.4,77.2,8.1,proxy,,,0,3,0,0,0,3,"platform:none,capacity:proxy,mix:proxy,visibility:none,tam:none",0,False,,0,0,0,0,18.7,需Re-rating(proxy EPS),179.0,424.0,538.0,-39.0,44.0,83.0,0.88,auto,1.14,False,False,8,無證據帳本,False,,,,,,,營收+34%、FCF31%,待質化,WATCH,分數<65,False,,,
2535,達欣工,建材營造,191.0,WATCH,23,11,0,9,10,3,56,89.4,20.7,-7.5,14.0,6.5,33.1,10.21,94.8,119.1,26.0,15.4,11.3,-2.1,12.4,-1.4,40.7,2.53,-81.9,0.0,-0.12,0.0,8.8,30.0,8.7,9.5,11.2,6.4,0.3,"{""2021"": 3.78, ""2022"": 3.66, ""2023"": 3.77, ""2024"": 5.21, ""2025"": 6.5}",3.78,False,False,3.78,23.7,-1.1,13.87,16.35,18.11,proxy:raw54%→g1=36%衰減,proxy,21.0,24.3,6.5,proxy,,,0,0,0,0,0,0,"platform:none,capacity:proxy,mix:proxy,visibility:none,tam:none",0,False,,0,0,3,3,9.9,合理(≤PE p75)(proxy EPS),118.0,172.0,233.0,32.0,92.0,161.0,,auto,9.9,False,True,8,無證據帳本,False,,,,,,,ROE26%、FCF41%、翻倍PE合理,待質化,WATCH,分數<65,False,,,
2308,台達電,電子零組件,57406.0,WATCH,23,20,5,6,1,0,55,1825.0,15.9,-27.2,48.9,11.4,41.6,31.42,86.8,80.3,29.6,50.2,35.5,2.3,30.3,4.1,19.6,3.4,38.8,17.4,-0.64,0.0,58.1,88.0,24.2,26.3,31.2,41.7,1.81,"{""2021"": 10.31, ""2022"": 12.58, ""2023"": 12.86, ""2024"": 13.56, ""2025"": 23.14}",12.86,False,False,12.86,141.9,5.2,43.8,52.43,58.63,proxy:raw68%→g1=39%衰減,proxy,23.1,-6.5,11.4,proxy,,,0,3,2,0,0,5,"platform:none,capacity:proxy,mix:proxy,visibility:none,tam:none",0,False,,0,0,0,0,62.3,淘汰(PE不合理)(proxy EPS),1064.0,1542.0,2104.0,-42.0,-16.0,15.0,,auto,0.0,False,False,8,無證據帳本,False,,,,,,,營收+49%、加速+11pp、ROE30%、FCF20%,PE位階88%、翻倍需PE過高、待質化,WATCH,分數<65、Base<20%,False,,,
2303,聯電,半導體,11495.0,WATCH,21,16,1,10,7,0,55,130.0,45.8,-25.9,24.2,13.0,10.7,6.68,110.7,377.5,21.0,10.8,30.5,0.6,32.4,0.1,51.8,3.81,-41.2,45.7,-0.38,0.4,19.6,93.0,7.8,11.7,14.2,14.0,0.61,"{""2021"": 4.57, ""2022"": 7.09, ""2023"": 4.93, ""2024"": 3.79, ""2025"": 3.33}",4.57,False,False,4.57,28.4,-1.9,9.31,11.14,12.45,proxy:raw67%→g1=39%衰減,proxy,23.1,189.3,13.0,proxy,,,0,0,1,0,0,1,"platform:none,capacity:proxy,mix:proxy,visibility:none,tam:none",0,False,,0,0,0,0,20.9,淘汰(PE不合理)(proxy EPS),73.0,146.0,203.0,-44.0,12.0,56.0,3.65,auto,0.27,False,False,8,無證據帳本,False,,,,,,,加速+13pp、ROE21%、FCF52%,PE位階93%、翻倍需PE過高、待質化,WATCH,分數<65、Base<20%,False,,,
8131,福懋科,半導體,322.0,WATCH,14,20,6,5,9,1,55,61.4,-2.3,-27.0,46.4,13.7,37.1,3.44,647.8,,12.0,10.7,17.7,11.0,17.5,11.8,-17.5,2.72,100.5,27.0,-0.91,0.0,17.8,57.0,11.0,16.4,26.8,12.6,0.51,"{""2021"": 3.53, ""2022"": 4.65, ""2023"": 1.2, ""2024"": 2.05, ""2025"": 1.35}",2.05,False,False,2.05,30.0,0.2,4.88,5.9,6.64,proxy:raw83%→g1=42%衰減,proxy,24.5,,13.7,proxy,,,0,4,2,0,0,6,"platform:none,capacity:proxy,mix:proxy,visibility:none,tam:none",0,False,,0,0,1,1,18.5,合理(≤PE p75)(proxy EPS),55.0,109.0,205.0,-11.0,77.0,233.0,0.14,auto,7.17,False,True,8,無證據帳本,False,,,,,,,營收+46%、加速+14pp、翻倍PE合理,待質化,WATCH,分數<65,False,,,
8110,華東,半導體,262.0,WATCH,16,17,5,4,10,3,55,43.5,-15.8,-49.0,18.3,7.1,7.4,5.5,999,,20.3,0.1,8.0,5.3,5.5,3.3,-0.6,3.01,152.0,34.9,-0.42,0.0,8.0,0.0,25.7,33.0,52.7,5.8,0.26,"{""2021"": 0.42, ""2022"": 0.5, ""2023"": -0.02, ""2024"": 0.26, ""2025"": 2.47}",0.42,False,False,0.42,103.6,2.5,7.55,8.96,9.96,proxy:raw59%→g1=37%衰減,proxy,21.9,,7.1,proxy,,,0,4,1,0,0,5,"platform:none,capacity:proxy,mix:proxy,visibility:none,tam:none",0,False,,0,0,3,3,8.7,合理(≤PE中位)(proxy EPS),60.0,329.0,604.0,37.0,656.0,1288.0,,auto,9.9,True,True,8,無證據帳本,False,,,,,,,ROE20%、翻倍PE合理,待質化,WATCH,分數<65,False,,,
1232,大統益,食品,238.0,WATCH,23,9,5,8,7,3,55,157.0,9.2,-6.8,22.6,19.5,8.0,9.03,16.4,19.0,24.9,56.3,13.7,0.9,12.3,0.8,19.4,4.12,50.2,4.6,-1.13,0.0,17.4,12.0,18.0,18.9,20.0,14.9,1.51,"{""2021"": 7.76, ""2022"": 7.66, ""2023"": 7.54, ""2024"": 8.24, ""2025"": 8.25}",7.76,False,False,7.76,20.2,1.4,10.54,11.42,11.99,proxy:raw20%→g1=17%衰減,proxy,9.9,2.6,19.5,proxy,,,0,4,1,0,0,5,"platform:none,capacity:proxy,mix:proxy,visibility:none,tam:none",0,False,,0,0,3,3,26.2,淘汰(PE不合理)(proxy EPS),156.0,227.0,276.0,-0.0,44.0,76.0,0.01,auto,8.87,False,False,8,無證據帳本,False,,,,,,,加速+20pp、ROE25%、FCF19%,翻倍需PE過高、待質化,WATCH,分數<65,False,,,
4771,望隼,生技醫療,113.0,WATCH,18,14,4,6,10,3,55,208.5,14.3,-7.0,25.4,-3.6,25.6,15.2,34.3,83.3,22.1,20.9,41.4,1.5,40.3,0.2,-13.8,3.7,46.3,85.5,0.17,2.1,13.7,3.0,14.9,15.8,17.8,11.1,0.78,"{""2024"": 11.84, ""2025"": 12.71}",,False,False,,,1.1,18.86,21.13,22.65,proxy:raw30%→g1=24%衰減,proxy,14.2,49.0,-3.6,proxy,,,0,3,1,0,0,4,"platform:none,capacity:proxy,mix:proxy,visibility:none,tam:none",0,False,,0,0,3,3,18.4,需Re-rating(proxy EPS),233.0,358.0,464.0,12.0,72.0,122.0,,auto,9.9,False,True,8,無證據帳本,False,,,,,,,ROE22%,待質化,WATCH,分數<65,False,,,
3026,禾伸堂,電子零組件,453.0,WATCH,21,20,3.5,10,0,0,54.5,701.0,97.6,-30.2,30.6,24.3,12.8,10.24,63.8,178.4,17.0,14.6,21.6,3.7,19.3,3.6,17.6,2.85,9.8,5.9,-0.51,0.0,68.4,96.0,10.5,15.4,18.4,51.4,2.64,"{""2021"": 12.36, ""2022"": 7.79, ""2023"": 5.24, ""2024"": 5.87, ""2025"": 6.58}",6.58,False,False,6.58,106.5,2.3,13.64,15.9,17.48,proxy:raw47%→g1=33%衰減,proxy,19.5,114.6,24.3,proxy,,,0,1.5,2,0,0,3.5,"platform:none,capacity:proxy,mix:proxy,visibility:none,tam:none",0,False,,0,0,0,0,80.2,淘汰(PE不合理)(proxy EPS),138.0,269.0,370.0,-80.0,-62.0,-47.0,,auto,0.0,False,False,8,無證據帳本,False,,,,,,,營收+31%、加速+24pp、FCF18%,PE位階96%、翻倍需PE過高、待質化,REDUCE,Base<20% 且 PE 位階≥95%、分數<60,False,,,
2436,偉詮電,半導體,148.0,WATCH,18,15,2.5,6,10,3,54.5,65.2,9.6,-16.7,31.1,3.7,23.7,5.72,572.9,1440.0,25.5,8.0,31.0,0.7,29.9,-0.7,9.1,1.05,14.0,2.4,-1.97,14.7,12.0,1.0,21.8,35.4,54.5,8.1,0.34,"{""2021"": 4.25, ""2022"": 0.82, ""2023"": 1.18, ""2024"": 1.56, ""2025"": 3.0}",1.56,False,False,1.56,41.8,1.1,8.05,9.7,10.89,proxy:raw76%→g1=41%衰減,proxy,23.9,0,3.7,proxy,,,0,1.5,1,0,0,2.5,"platform:none,capacity:proxy,mix:proxy,visibility:none,tam:none",0,False,,0,0,3,3,12.0,合理(≤PE中位)(proxy EPS),98.0,386.0,683.0,50.0,491.0,947.0,,auto,9.9,True,True,8,無證據帳本,False,,,,,,,營收+31%、ROE26%、翻倍PE合理,股本+15%、待質化,WATCH,分數<65,False,,,
3711,日月光投控,半導體,22993.0,WATCH,15,20,6,10,3,0,54,588.0,34.4,-18.4,34.9,18.3,18.1,13.92,76.2,175.9,17.3,9.7,19.4,2.7,17.1,2.9,-18.4,5.87,89.2,65.3,0.74,1.7,42.5,91.0,8.5,17.3,21.9,31.0,1.46,"{""2021"": 14.86, ""2022"": 14.52, ""2023"": 7.39, ""2024"": 7.53, ""2025"": 9.37}",9.37,False,False,9.37,62.8,2.3,18.96,22.39,24.82,proxy:raw56%→g1=36%衰減,proxy,21.3,99.7,18.3,proxy,,,0,4,2,0,0,6,"platform:none,capacity:proxy,mix:proxy,visibility:none,tam:none",0,False,,0,0,0,0,47.4,淘汰(PE不合理)(proxy EPS),158.0,429.0,625.0,-73.0,-27.0,6.0,,auto,0.0,False,False,8,無證據帳本,False,,,,,,,營收+35%、加速+18pp,PE位階91%、翻倍需PE過高、待質化,WATCH,分數<65、Base<20%,False,,,
2301,光寶科,電腦及週邊,4199.0,WATCH,19,18,5,10,2,0,54,308.0,61.5,-3.0,34.7,12.9,24.7,8.55,49.7,125.9,21.7,31.5,23.9,1.8,20.8,1.7,-1.9,1.47,105.5,11.4,-1.31,-1.3,36.0,100.0,12.3,17.3,21.2,27.5,1.51,"{""2021"": 6.01, ""2022"": 6.2, ""2023"": 6.36, ""2024"": 5.21, ""2025"": 6.65}",6.2,False,False,6.2,49.7,3.1,11.2,12.93,14.13,proxy:raw42%→g1=31%衰減,proxy,18.2,76.2,12.9,proxy,,,0,4,1,0,0,5,"platform:none,capacity:proxy,mix:proxy,visibility:none,tam:none",0,False,,0,0,0,0,43.6,淘汰(PE不合理)(proxy EPS),130.0,244.0,344.0,-58.0,-21.0,12.0,,auto,0.0,False,False,8,無證據帳本,False,,,,,,,營收+35%、加速+13pp、ROE22%,PE位階100%、翻倍需PE過高、待質化,REDUCE,Base<20% 且 PE 位階≥95%、分數<60,False,,,
1476,儒鴻,紡織纖維,914.0,WATCH,23,10,1,10,7,3,54,313.0,-11.2,-41.2,12.8,14.6,1.8,24.14,15.0,158.4,23.3,26.9,30.3,0.8,29.6,0.3,46.5,2.63,-24.1,2.2,-0.6,0.0,13.0,0.0,18.6,22.4,26.0,11.6,1.59,"{""2021"": 18.77, ""2022"": 24.75, ""2023"": 18.87, ""2024"": 24.2, ""2025"": 20.1}",20.1,False,False,20.1,15.6,0.7,27.08,28.74,29.79,proxy:raw14%→g1=12%衰減,proxy,7.3,143.4,14.6,proxy,,,0,0,1,0,0,1,"platform:none,capacity:proxy,mix:proxy,visibility:none,tam:none",0,False,,0,0,3,3,21.0,合理(≤PE中位)(proxy EPS),290.0,667.0,891.0,-7.0,113.0,185.0,0.06,auto,9.9,True,True,8,無證據帳本,False,,,,,,,加速+15pp、ROE23%、FCF46%、翻倍PE合理,待質化,WATCH,分數<65,False,,,
2455,全新,通信網路,643.0,WATCH,23,17,4,10,0,0,54,528.0,90.9,-2.6,46.6,13.0,34.5,4.12,61.6,475.0,22.2,24.3,36.7,-1.1,39.9,1.3,31.9,3.5,432.1,19.4,-0.65,0.0,129.4,99.0,29.5,41.5,68.8,94.5,4.5,"{""2021"": 4.63, ""2022"": 2.95, ""2023"": 2.42, ""2024"": 3.63, ""2025"": 2.96}",2.96,False,False,2.96,178.4,-3.2,5.59,6.59,7.3,proxy:raw54%→g1=36%衰減,proxy,21.0,238.4,13.0,proxy,,,0,4,0,0,0,4,"platform:none,capacity:proxy,mix:proxy,visibility:none,tam:none",0,False,,0,0,0,0,144.7,淘汰(PE不合理)(proxy EPS),162.0,303.0,578.0,-69.0,-43.0,9.0,,auto,0.0,False,False,8,無證據帳本,False,,,,,,,營收+47%、加速+13pp、ROE22%、FCF32%,PE位階99%、翻倍需PE過高、待質化,REDUCE,Base<20% 且 PE 位階≥95%、分數<60,False,,,
6449,鈺邦,電子零組件,155.0,WATCH,17,17,6,8,6,0,54,237.5,8.6,-48.2,23.4,4.5,23.9,9.27,59.6,133.3,15.0,9.1,35.3,3.0,28.9,0.1,5.7,2.97,178.2,35.8,0.5,3.3,26.4,73.0,15.7,19.9,27.3,19.6,1.09,"{""2021"": 3.48, ""2022"": 3.83, ""2023"": 3.73, ""2024"": 6.08, ""2025"": 7.38}",3.83,False,False,3.83,62.0,6.4,12.11,13.96,15.25,proxy:raw42%→g1=31%衰減,proxy,18.0,73.7,4.5,proxy,,,0,4,2,0,0,6,"platform:none,capacity:proxy,mix:proxy,visibility:none,tam:none",0,False,,0,0,0,0,31.1,需Re-rating(proxy EPS),180.0,303.0,479.0,-24.0,28.0,102.0,0.88,auto,1.14,False,True,8,無證據帳本,False,,,,,,,,待質化,WATCH,分數<65,False,,,
3209,全科,電子通路,132.0,WATCH,20,16,0,5,10,3,54,46.6,7.1,-37.4,83.5,39.9,29.0,5.98,199.0,,26.8,14.2,5.1,0.1,4.8,0.3,14.7,8.04,-11.1,0.0,1.89,1.3,7.8,11.0,8.6,11.4,14.0,5.4,0.21,"{""2021"": 4.17, ""2022"": 5.11, ""2023"": 2.63, ""2024"": 3.02, ""2025"": 3.02}",3.02,False,False,3.02,15.4,0.3,8.58,10.45,11.81,proxy:raw102%→g1=43%衰減,proxy,25.5,,39.9,proxy,,,0,0,0,0,0,0,"platform:none,capacity:proxy,mix:proxy,visibility:none,tam:none",0,False,,0,0,3,3,7.9,合理(≤PE中位)(proxy EPS),69.0,135.0,190.0,48.0,189.0,308.0,,auto,9.9,True,True,8,無證據帳本,False,,,,,,,營收+84%、加速+40pp、ROE27%、FCF15%、翻倍PE合理,待質化,WATCH,分數<65,False,,,
2753,八方雲集,觀光,120.0,WATCH,23,14,1,4,9,3,54,179.5,5.8,-7.7,11.5,8.4,7.8,14.04,34.9,19.4,25.7,27.8,36.2,1.3,36.1,2.5,25.2,4.43,-4.6,17.2,-0.15,0.2,12.8,0.0,16.0,18.1,19.3,10.7,0.92,"{""2021"": 8.75, ""2022"": 10.0, ""2023"": 8.35, ""2024"": 9.05, ""2025"": 12.85}",9.05,False,False,9.05,19.8,0.1,16.78,18.41,19.49,proxy:raw23%→g1=20%衰減,proxy,11.6,-15.5,8.4,proxy,,,0,0,1,0,0,1,"platform:none,capacity:proxy,mix:proxy,visibility:none,tam:none",0,False,,0,0,3,3,18.4,合理(≤PE p75)(proxy EPS),187.0,353.0,433.0,4.0,97.0,141.0,,auto,9.9,False,True,8,無證據帳本,False,,,,,,,ROE26%、FCF25%、翻倍PE合理,待質化,WATCH,分數<65,False,,,
5288,豐祥-KY,電機機械,109.0,WATCH,21,9,4,10,9,1,54,189.0,22.3,-11.0,64.3,56.7,15.7,15.05,8.4,204.1,17.2,18.1,23.0,0.8,21.3,-0.7,15.4,2.91,40.2,11.9,-0.82,4.5,12.6,51.0,11.2,12.6,13.9,9.8,0.59,"{""2021"": 9.54, ""2022"": 14.29, ""2023"": 15.59, ""2024"": 17.02, ""2025"": 12.26}",14.29,False,False,14.29,13.2,1.7,19.26,21.95,23.79,proxy:raw36%→g1=28%衰減,proxy,16.5,195.7,56.7,proxy,,,0,3,1,0,0,4,"platform:none,capacity:proxy,mix:proxy,visibility:none,tam:none",0,False,,0,0,1,1,15.9,需Re-rating(proxy EPS),200.0,300.0,380.0,6.0,59.0,101.0,,auto,9.9,False,True,8,無證據帳本,False,,,,,,,營收+64%、加速+57pp、FCF15%,待質化,WATCH,分數<65,False,,,
3017,奇鋐,電腦及週邊,9550.0,WATCH,23,20,6,1,3,0,53,3570.0,69.2,0.0,61.4,-24.6,94.4,75.13,145.3,136.6,64.9,1226.1,28.7,4.0,21.0,6.4,42.7,3.3,94.3,12.7,-1.0,2.4,47.6,95.0,12.6,27.6,37.8,33.3,1.33,"{""2021"": 8.21, ""2022"": 11.78, ""2023"": 14.11, ""2024"": 21.21, ""2025"": 49.17}",14.11,False,False,14.11,253.0,7.7,107.19,130.06,146.71,proxy:raw91%→g1=43%衰減,proxy,25.0,-8.7,-24.6,proxy,,,0,4,2,0,0,6,"platform:none,capacity:proxy,mix:proxy,visibility:none,tam:none",0,False,,0,0,0,0,48.7,需Re-rating(proxy EPS),1386.0,4049.0,6377.0,-61.0,13.0,79.0,4.56,auto,0.22,False,False,8,無證據帳本,False,,,,,,,營收+61%、ROE65%、FCF43%,PE位階95%、待質化,REDUCE,EPS 1M/3M 同步下修、Base<20% 且 PE 位階≥95%、分數<60,False,,,
3702,大聯大,電子通路,1746.0,WATCH,11,18,1,10,10,3,53,104.0,19.0,-17.2,101.9,76.3,34.7,12.01,175.5,387.6,23.4,9.1,4.3,0.7,3.8,0.7,-8.7,-4.63,-27.1,0.0,5.2,2.9,8.9,21.0,9.0,13.6,16.1,6.0,0.23,"{""2021"": 6.61, ""2022"": 6.02, ""2023"": 4.59, ""2024"": 4.07, ""2025"": 5.77}",5.77,False,False,5.77,18.0,0.5,17.29,21.09,23.87,proxy:raw111%→g1=44%衰減,proxy,25.7,124.5,76.3,proxy,,,0,0,1,0,0,1,"platform:none,capacity:proxy,mix:proxy,visibility:none,tam:none",0,False,,0,0,3,3,8.7,合理(≤PE中位)(proxy EPS),159.0,325.0,442.0,53.0,212.0,325.0,,auto,9.9,True,True,8,無證據帳本,False,,,,,,,營收+102%、加速+76pp、ROE23%、翻倍PE合理,現金流背離、待質化,WATCH,分數<65,False,,,
6691,洋基工程,其他電子,816.0,WATCH,17,12,4,10,9,1,53,619.0,11.7,-11.7,124.9,52.7,73.1,32.34,41.3,95.5,58.6,,18.4,-1.3,18.2,-0.4,27.3,2.39,281.0,2.6,-1.6,37.6,18.5,54.0,10.9,17.4,21.1,13.5,0.55,"{""2021"": 16.89, ""2022"": 25.48, ""2023"": 21.57, ""2024"": 20.05, ""2025"": 25.51}",21.57,False,False,21.57,28.7,0.2,45.88,55.49,62.46,proxy:raw83%→g1=42%衰減,proxy,24.5,54.2,52.7,proxy,,,0,4,0,0,0,4,"platform:none,capacity:proxy,mix:proxy,visibility:none,tam:none",0,False,,0,0,1,1,19.8,合理(≤PE p75)(proxy EPS),511.0,1087.0,1516.0,-18.0,76.0,145.0,0.23,auto,4.32,False,True,8,無證據帳本,False,,,,,,,營收+125%、加速+53pp、ROE59%、FCF27%、翻倍PE合理,股本+38%、待質化,WATCH,分數<65,False,,,
9945,潤泰新,其他,665.0,WATCH,13,14,4,9,10,3,53,28.5,7.8,-37.5,34.5,7.7,32.3,5.92,56.6,466.7,14.0,3.5,24.9,-1.0,24.3,-0.1,20.9,0.72,51.5,4.0,3.4,0.0,5.0,0.0,7.1,9.1,11.4,3.6,0.19,"{""2021"": 10.03, ""2022"": 4.59, ""2023"": 2.7, ""2024"": 6.06, ""2025"": 3.93}",4.59,False,False,4.59,6.2,0.6,7.84,9.12,10.0,proxy:raw46%→g1=32%衰減,proxy,19.1,243.4,7.7,proxy,,,0,4,0,0,0,4,"platform:none,capacity:proxy,mix:proxy,visibility:none,tam:none",0,False,,0,0,3,3,5.7,合理(≤PE中位)(proxy EPS),38.0,91.0,131.0,32.0,219.0,360.0,,auto,9.9,True,True,8,無證據帳本,False,,,,,,,營收+34%、FCF21%、翻倍PE合理,待質化,WATCH,分數<65,False,,,
1608,華榮,電器電纜,140.0,WATCH,12,16,5,7,10,3,53,36.5,10.7,-4.5,21.3,5.7,12.2,11.52,734.8,926.2,49.1,6.1,11.0,0.9,8.4,0.5,-10.4,0.17,59.2,6.2,1.74,0.0,3.2,1.0,7.1,13.8,20.5,2.3,0.1,"{""2021"": 3.27, ""2022"": -0.09, ""2023"": 2.23, ""2024"": 1.55, ""2025"": 5.5}",2.23,False,False,2.23,16.4,2.6,16.12,19.35,21.67,proxy:raw71%→g1=40%衰減,proxy,23.4,0,5.7,proxy,,,0,4,1,0,0,5,"platform:none,capacity:proxy,mix:proxy,visibility:none,tam:none",0,False,,0,0,3,3,3.4,合理(≤PE中位)(proxy EPS),52.0,299.0,511.0,42.0,719.0,1300.0,,auto,9.9,True,True,8,無證據帳本,False,,,,,,,ROE49%、翻倍PE合理,現金流背離、待質化,WATCH,分數<65,False,,,
3036,文曄,電子通路,2716.0,WATCH,16,12,1.5,10,10,3,52.5,192.5,-1.5,-34.3,145.2,69.7,79.3,19.9,109.0,236.8,22.2,18.2,3.6,-0.7,3.6,0.2,2.7,3.97,168.5,0.1,0.7,24.1,9.9,29.0,9.2,15.1,21.8,6.7,0.26,"{""2021"": 9.97, ""2022"": 8.64, ""2023"": 4.24, ""2024"": 8.09, ""2025"": 11.6}",8.64,False,False,8.64,22.3,0.0,28.74,35.13,39.82,proxy:raw127%→g1=44%衰減,proxy,26.0,127.8,69.7,proxy,,,0,1.5,0,0,0,1.5,"platform:none,capacity:proxy,mix:proxy,visibility:none,tam:none",0,False,,0,0,3,3,9.7,合理(≤PE中位)(proxy EPS),275.0,601.0,998.0,43.0,212.0,419.0,,auto,9.9,True,True,8,無證據帳本,False,,,,,,,營收+145%、加速+70pp、ROE22%、翻倍PE合理,股本+24%、待質化,WATCH,分數<65,False,,,
2395,研華,電腦及週邊,3556.0,WATCH,23,13,4,10,2,0,52,711.0,73.8,0.0,64.4,43.5,29.8,15.83,42.1,126.1,26.0,27.0,38.9,-1.9,39.7,0.7,19.5,2.03,58.4,8.1,-0.73,1.1,45.0,100.0,26.6,30.0,34.3,33.2,1.6,"{""2021"": 10.67, ""2022"": 13.85, ""2023"": 12.99, ""2024"": 10.45, ""2025"": 12.25}",12.25,False,False,12.25,58.0,-0.8,21.44,25.24,27.92,proxy:raw53%→g1=35%衰減,proxy,20.8,84.0,43.5,proxy,,,0,4,0,0,0,4,"platform:none,capacity:proxy,mix:proxy,visibility:none,tam:none",0,False,,0,0,0,0,50.9,淘汰(PE不合理)(proxy EPS),557.0,838.0,1101.0,-22.0,18.0,55.0,1.22,auto,0.82,False,False,8,無證據帳本,False,,,,,,,營收+64%、加速+44pp、ROE26%、FCF20%,PE位階100%、翻倍需PE過高、待質化,REDUCE,Base<20% 且 PE 位階≥95%、分數<60,False,,,
6770,力積電,半導體,2479.0,WATCH,16,20,2,5,8,1,52,68.5,15.4,-22.5,66.1,41.8,28.0,3.32,999,,14.5,10.2,9.6,16.9,16.1,40.3,35.1,10.3,-58.5,39.0,-0.35,13.8,22.8,69.0,5.9,11.9,32.0,14.5,0.59,"{""2022"": 5.81, ""2023"": -0.4, ""2024"": -1.64, ""2025"": -1.86}",-1.02,False,False,1.66,41.3,-6.5,4.71,5.7,6.41,proxy:raw83%→g1=42%衰減,proxy,24.5,,41.8,proxy,,,0,0,2,0,0,2,"platform:none,capacity:proxy,mix:proxy,visibility:none,tam:none",0,False,,0,0,1,1,21.4,合理(≤PE p75)(proxy EPS),28.0,76.0,236.0,-59.0,11.0,244.0,5.16,auto,0.19,False,True,8,無證據帳本,False,,,,,,,營收+66%、加速+42pp、FCF35%、翻倍PE合理,股本+14%、待質化,WATCH,分數<65、Base<20%,False,,,
2404,漢唐,其他電子,1859.0,WATCH,20,14,4,5,8,1,52,1070.0,6.5,-20.3,66.6,-24.0,72.5,66.35,76.0,168.8,75.2,,21.1,-1.6,15.7,-1.3,72.3,5.58,7164.5,3.1,-2.63,0.0,16.1,70.0,10.3,13.0,17.0,11.5,0.49,"{""2021"": 14.53, ""2022"": 21.28, ""2023"": 24.83, ""2024"": 32.89, ""2025"": 48.08}",24.83,False,False,24.83,43.1,5.4,92.95,111.58,125.0,proxy:raw71%→g1=40%衰減,proxy,23.5,92.8,-24.0,proxy,,,0,4,0,0,0,4,"platform:none,capacity:proxy,mix:proxy,visibility:none,tam:none",0,False,,0,0,1,1,17.1,需Re-rating(proxy EPS),966.0,1625.0,2444.0,-10.0,52.0,128.0,0.19,auto,5.32,False,True,8,無證據帳本,False,,,,,,,營收+67%、ROE75%、FCF72%,待質化,WATCH,分數<65,False,,,
5434,崇越,電子通路,818.0,WATCH,23,14,0,10,5,0,52,538.0,36.1,-9.7,31.4,11.0,17.9,26.89,38.2,65.7,25.9,22.9,13.3,0.5,12.9,0.4,10.8,2.28,-76.4,2.9,-0.57,2.8,20.1,97.0,11.3,13.7,16.4,15.7,0.98,"{""2021"": 12.63, ""2022"": 16.62, ""2023"": 15.36, ""2024"": 19.29, ""2025"": 21.8}",16.62,False,False,16.62,32.4,0.4,34.17,38.8,41.95,proxy:raw35%→g1=27%衰減,proxy,16.0,27.5,11.0,proxy,,,0,0,0,0,0,0,"platform:none,capacity:proxy,mix:proxy,visibility:none,tam:none",0,False,,0,0,0,0,25.6,淘汰(PE不合理)(proxy EPS),356.0,575.0,791.0,-34.0,7.0,47.0,4.97,auto,0.2,False,False,8,無證據帳本,False,,,,,,,營收+31%、加速+11pp、ROE26%、FCF11%,PE位階97%、翻倍需PE過高、待質化,REDUCE,Base<20% 且 PE 位階≥95%、分數<60,False,,,
1773,勝一,化學工業,527.0,WATCH,19,11,5,10,5,2,52,162.5,4.9,-14.7,27.5,14.5,11.9,8.01,10.5,48.4,21.3,16.6,36.4,3.7,32.3,2.7,19.9,2.93,36.1,36.4,0.45,20.0,20.3,40.0,18.1,21.1,23.4,17.4,1.79,"{""2021"": 8.54, ""2022"": 7.77, ""2023"": 6.31, ""2024"": 7.21, ""2025"": 7.12}",7.21,False,False,7.21,22.5,4.1,9.32,10.08,10.57,proxy:raw19%→g1=16%衰減,proxy,9.7,37.9,14.5,proxy,,,0,3,2,0,0,5,"platform:none,capacity:proxy,mix:proxy,visibility:none,tam:none",0,False,,0,0,2,2,30.7,淘汰(PE不合理)(proxy EPS),143.0,223.0,284.0,-12.0,37.0,75.0,0.31,auto,3.18,False,False,8,無證據帳本,False,,,,,,,加速+14pp、ROE21%、FCF20%,股本+20%、翻倍需PE過高、待質化,WATCH,分數<65,False,,,
6861,睿生光電,生技醫療,156.0,WATCH,21,18,0,8,5,0,52,183.0,-2.7,-60.1,47.5,2.0,35.2,6.49,83.9,202.6,18.1,26.1,25.7,-2.6,27.8,3.8,15.8,2.64,-59.7,3.1,-1.86,3.4,28.2,81.0,19.0,22.7,27.1,20.3,0.89,"{""2022"": 5.62, ""2023"": 3.04, ""2024"": 3.75, ""2025"": 3.84}",3.79,False,False,3.79,48.3,-2.1,9.02,10.77,12.03,proxy:raw66%→g1=39%衰減,proxy,22.8,118.7,2.0,proxy,,,0,0,0,0,0,0,"platform:none,capacity:proxy,mix:proxy,visibility:none,tam:none",0,False,,0,0,0,0,30.4,需Re-rating(proxy EPS),171.0,273.0,375.0,-6.0,49.0,105.0,0.13,auto,7.78,False,True,8,無證據帳本,False,,,,,,,營收+48%、FCF16%,待質化,WATCH,分數<65,False,,,
8112,至上,電子通路,453.0,WATCH,10,18,2.5,8,10,3,51.5,90.5,13.3,-9.5,272.6,144.5,109.7,13.86,725.0,1529.4,37.5,7.9,3.7,1.0,3.3,1.2,-21.9,-10.98,926.2,0.2,8.04,1.0,6.8,15.0,7.7,13.7,18.4,4.5,0.17,"{""2021"": 7.01, ""2022"": 5.16, ""2023"": 4.67, ""2024"": 3.48, ""2025"": 5.02}",5.02,False,False,5.02,18.0,0.4,20.09,24.61,27.93,proxy:raw196%→g1=45%衰減,proxy,26.3,0,144.5,proxy,,,0,1.5,1,0,0,2.5,"platform:none,capacity:proxy,mix:proxy,visibility:none,tam:none",0,False,,0,0,3,3,6.5,合理(≤PE中位)(proxy EPS),142.0,383.0,591.0,57.0,323.0,553.0,,auto,9.9,True,True,8,無證據帳本,False,,,,,,,營收+273%、加速+144pp、ROE38%、翻倍PE合理,現金流背離、待質化,WATCH,分數<65,False,,,
3653,健策,電子零組件,6317.0,WATCH,22,14,5,10,0,0,51,5875.0,64.8,-1.9,62.1,51.7,32.6,44.65,46.3,101.3,30.0,49.7,42.2,1.6,35.3,2.0,46.2,1.93,185.7,7.7,-1.23,4.2,132.6,99.0,33.0,48.3,71.4,96.9,4.61,"{""2021"": 9.88, ""2022"": 20.37, ""2023"": 16.55, ""2024"": 24.15, ""2025"": 36.76}",20.37,False,False,20.37,288.4,6.9,60.62,71.46,79.12,proxy:raw54%→g1=36%衰減,proxy,21.0,55.0,51.7,proxy,,,0,4,1,0,0,5,"platform:none,capacity:proxy,mix:proxy,visibility:none,tam:none",0,False,,0,0,0,0,148.5,淘汰(PE不合理)(proxy EPS),1958.0,3821.0,6497.0,-67.0,-35.0,11.0,,auto,0.0,False,False,8,無證據帳本,False,,,,,,,營收+62%、加速+52pp、ROE30%、FCF46%,PE位階99%、翻倍需PE過高、待質化,REDUCE,Base<20% 且 PE 位階≥95%、分數<60,False,,,
2207,和泰車,汽車,2641.0,WATCH,17,11,0,10,10,3,51,539.0,7.0,-18.4,28.3,22.2,10.1,40.67,33.5,91.8,27.4,0.0,,,,,24.6,5.53,-7.4,20.0,2.66,0.0,13.3,2.0,15.9,17.4,20.7,10.6,0.73,"{""2021"": 29.68, ""2022"": -35.39, ""2023"": 41.21, ""2024"": 36.74, ""2025"": 33.93}",33.93,False,False,33.93,15.9,,50.73,57.01,61.24,proxy:raw31%→g1=25%衰減,proxy,14.6,58.3,22.2,proxy,,,0,0,0,0,0,0,"platform:none,capacity:proxy,mix:proxy,visibility:none,tam:none",0,False,,0,0,3,3,17.6,合理(≤PE p75)(proxy EPS),611.0,1066.0,1458.0,13.0,98.0,170.0,,auto,9.9,False,True,8,無證據帳本,False,,,,,,,加速+22pp、ROE27%、FCF25%、翻倍PE合理,待質化,WATCH,分數<65,False,,,
8021,尖點,其他電子,615.0,WATCH,15,20,6,10,0,0,51,420.0,29.1,-27.4,96.8,29.9,63.7,5.08,193.6,278.2,13.9,19.7,36.1,8.6,31.1,10.5,-28.1,1.94,112.8,51.3,-0.62,3.5,84.7,84.0,12.3,18.4,52.5,57.5,2.24,"{""2021"": 3.14, ""2022"": 2.34, ""2023"": -0.26, ""2024"": 1.45, ""2025"": 2.74}",2.34,False,False,2.34,179.5,5.0,7.31,8.91,10.08,proxy:raw108%→g1=44%衰減,proxy,25.7,84.6,29.9,proxy,,,0,4,2,0,0,6,"platform:none,capacity:proxy,mix:proxy,visibility:none,tam:none",0,False,,0,0,0,0,83.3,需Re-rating(proxy EPS),93.0,185.0,609.0,-78.0,-56.0,45.0,,auto,0.0,False,False,8,無證據帳本,False,,,,,,,營收+97%、加速+30pp,待質化,WATCH,分數<65、Base<20%,False,,,
2359,所羅門,其他電子,207.0,WATCH,19,14,3,5,8,2,51,142.0,9.2,-20.0,46.2,66.9,6.7,6.7,999,,19.6,0.3,22.4,0.4,21.5,-0.9,31.7,1.46,24.8,2.2,-7.62,0.0,21.2,44.0,12.8,30.6,88.6,15.1,0.64,"{""2021"": 1.16, ""2022"": 2.67, ""2023"": 3.1, ""2024"": 0.84, ""2025"": 1.22}",1.22,False,False,1.22,116.4,0.9,9.41,11.31,12.68,proxy:raw73%→g1=40%衰減,proxy,23.7,,66.9,proxy,,,0,3,0,0,0,3,"platform:none,capacity:proxy,mix:proxy,visibility:none,tam:none",0,False,,0,0,2,2,22.4,合理(≤PE中位)(proxy EPS),122.0,388.0,1292.0,-14.0,173.0,810.0,0.08,auto,9.9,True,True,8,無證據帳本,False,,,,,,,營收+46%、加速+67pp、FCF32%、翻倍PE合理,待質化,WATCH,分數<65,False,,,
5284,jpp-KY,其他,188.0,WATCH,20,18,2,0,9,2,51,330.0,6.5,-27.2,26.8,-21.7,44.6,15.99,140.1,110.0,22.9,21.9,39.3,3.8,35.3,0.7,6.6,2.11,-0.1,29.4,-0.12,10.4,20.9,46.0,15.2,22.0,28.1,14.7,0.62,"{""2021"": 3.01, ""2022"": 5.44, ""2023"": 8.33, ""2024"": 1.02, ""2025"": 12.06}",5.44,False,False,5.44,60.7,4.0,22.46,27.0,30.28,proxy:raw73%→g1=40%衰減,proxy,23.7,-30.1,-21.7,proxy,,,0,0,2,0,0,2,"platform:none,capacity:proxy,mix:proxy,visibility:none,tam:none",0,False,,0,0,2,2,21.8,合理(≤PE中位)(proxy EPS),345.0,666.0,978.0,5.0,102.0,197.0,,auto,9.9,True,True,8,無證據帳本,False,,,,,,,ROE23%、翻倍PE合理,股本+10%、待質化,REDUCE,EPS 1M/3M 同步下修、分數<60,False,,,
8464,億豐,代碼38,996.0,WATCH,23,6,2.5,10,6,3,50.5,373.5,3.2,-22.0,10.5,10.0,-0.1,22.9,1.1,20.9,23.7,48.5,59.2,0.8,56.4,-0.9,47.3,2.82,6.1,15.0,-1.28,0.0,16.3,30.0,16.1,17.4,19.2,15.5,5.0,"{""2021"": 18.15, ""2022"": 21.07, ""2023"": 18.73, ""2024"": 23.56, ""2025"": 22.53}",21.07,False,False,21.07,17.7,2.8,24.09,24.72,25.1,proxy:raw6%→g1=5%衰減,proxy,3.1,19.8,10.0,proxy,,,0,1.5,1,0,0,2.5,"platform:none,capacity:proxy,mix:proxy,visibility:none,tam:none",0,False,,0,0,3,3,29.8,淘汰(PE不合理)(proxy EPS),303.0,437.0,554.0,-19.0,17.0,48.0,1.11,auto,0.9,False,False,8,無證據帳本,False,,,,,,,加速+10pp、ROE24%、FCF47%,翻倍需PE過高、待質化,WATCH,分數<65、Base<20%,False,,,
2727,王品,觀光,192.0,WATCH,23,7,1.5,8,8,3,50.5,232.0,8.3,-3.9,15.6,0.6,10.4,18.0,16.0,39.3,34.9,87.7,47.5,0.1,47.0,-0.3,21.3,5.96,11.8,11.5,-0.32,-1.8,12.9,1.0,14.2,14.8,16.3,11.3,1.38,"{""2021"": -1.44, ""2022"": 5.15, ""2023"": 17.68, ""2024"": 15.66, ""2025"": 16.01}",15.66,False,False,15.66,14.8,0.5,20.48,21.89,22.79,proxy:raw16%→g1=14%衰減,proxy,8.2,23.3,0.6,proxy,,,0,1.5,0,0,0,1.5,"platform:none,capacity:proxy,mix:proxy,visibility:none,tam:none",0,False,,0,0,3,3,20.4,需Re-rating(proxy EPS),220.0,337.0,427.0,-5.0,45.0,84.0,0.11,auto,9.08,False,False,8,無證據帳本,False,,,,,,,ROE35%、FCF21%,待質化,WATCH,分數<65,False,,,
3028,增你強,電子通路,181.0,WATCH,11,17,1.5,8,10,3,50.5,64.1,12.6,-22.9,95.3,3.3,67.4,7.17,183.4,1584.6,26.4,8.8,7.7,0.5,6.9,0.9,-21.9,-4.1,34.3,0.1,5.5,2.0,8.9,25.0,8.9,12.9,16.3,6.2,0.24,"{""2021"": 4.1, ""2022"": 3.3, ""2023"": 2.02, ""2024"": 2.08, ""2025"": 3.15}",3.15,False,False,3.15,20.3,0.8,10.31,12.57,14.22,proxy:raw108%→g1=44%衰減,proxy,25.6,116.6,3.3,proxy,,,0,1.5,0,0,0,1.5,"platform:none,capacity:proxy,mix:proxy,visibility:none,tam:none",0,False,,0,0,3,3,9.0,合理(≤PE中位)(proxy EPS),95.0,183.0,267.0,48.0,186.0,316.0,,auto,9.9,True,True,8,無證據帳本,False,,,,,,,營收+95%、ROE26%、翻倍PE合理,現金流背離、待質化,WATCH,分數<65,False,,,
3037,欣興,電子零組件,13509.0,WATCH,18,20,2,8,2,0,50,902.0,43.2,-23.6,37.5,15.1,23.3,15.49,1073.5,42150.0,22.2,16.3,18.0,4.6,17.8,4.2,-11.9,2.85,-3.6,42.1,-0.96,4.3,60.0,78.0,13.2,26.2,44.6,41.7,1.8,"{""2021"": 8.99, ""2022"": 20.08, ""2023"": 7.88, ""2024"": 3.35, ""2025"": 4.38}",7.88,False,False,7.88,114.5,0.2,21.62,25.9,28.98,proxy:raw69%→g1=40%衰減,proxy,23.2,0,15.1,proxy,,,0,0,2,0,0,2,"platform:none,capacity:proxy,mix:proxy,visibility:none,tam:none",0,False,,0,0,0,0,62.2,需Re-rating(proxy EPS),287.0,759.0,1486.0,-68.0,-16.0,65.0,,auto,0.0,False,False,8,無證據帳本,False,,,,,,,營收+38%、加速+15pp、ROE22%,待質化,WATCH,分數<65、Base<20%,False,,,
3030,德律,其他電子,976.0,WATCH,23,16,0,5,6,0,50,284.0,8.7,-30.8,23.5,-7.2,27.8,13.19,54.4,74.7,32.3,36.9,59.1,-0.1,58.0,1.3,39.4,1.56,-41.4,4.3,-0.57,0.0,21.5,76.0,10.8,14.4,21.0,16.6,0.96,"{""2021"": 5.02, ""2022"": 8.13, ""2023"": 4.24, ""2024"": 7.78, ""2025"": 10.49}",7.78,False,False,7.78,36.5,1.1,17.06,19.56,21.29,proxy:raw39%→g1=29%衰減,proxy,17.3,20.3,-7.2,proxy,,,0,0,0,0,0,0,"platform:none,capacity:proxy,mix:proxy,visibility:none,tam:none",0,False,,0,0,0,0,26.7,需Re-rating(proxy EPS),172.0,307.0,514.0,-39.0,8.0,81.0,4.94,auto,0.2,False,False,8,無證據帳本,False,,,,,,,ROE32%、FCF39%,待質化,WATCH,分數<65、Base<20%,False,,,
2467,志聖,電子零組件,864.0,WATCH,13,20,6,10,1,0,50,603.0,41.1,-8.9,100.5,44.5,68.2,10.27,115.3,198.5,17.6,7.9,46.6,4.4,38.9,5.4,-27.0,2.2,261.2,71.0,0.92,3.0,60.2,90.0,11.0,28.9,45.1,40.8,1.59,"{""2021"": 4.39, ""2022"": 4.61, ""2023"": 3.12, ""2024"": 4.8, ""2025"": 5.49}",4.61,False,False,4.61,130.8,7.7,14.77,18.01,20.37,proxy:raw108%→g1=44%衰減,proxy,25.6,83.2,44.5,proxy,,,0,4,2,0,0,6,"platform:none,capacity:proxy,mix:proxy,visibility:none,tam:none",0,False,,0,0,0,0,59.2,淘汰(PE不合理)(proxy EPS),168.0,589.0,1056.0,-72.0,-2.0,75.0,,auto,0.0,False,False,8,無證據帳本,False,,,,,,,營收+100%、加速+44pp,PE位階90%、翻倍需PE過高、待質化,WATCH,分數<65、Base<20%,False,,,
6005,群益證,金融保險,651.0,WATCH,18,14,0,5,10,3,50,32.8,21.5,-16.7,93.9,-42.5,77.7,5.1,157.6,286.8,22.5,20.3,,,,,,-1.83,,,-1.81,0.0,6.1,5.0,8.7,10.6,12.4,4.5,0.18,"{""2021"": 2.43, ""2022"": 0.39, ""2023"": 1.89, ""2024"": 2.25, ""2025"": 2.64}",2.25,False,False,2.25,14.6,,7.33,8.94,10.11,proxy:raw107%→g1=44%衰減,proxy,25.6,129.2,-42.5,proxy,,,0,0,0,0,0,0,"platform:none,capacity:proxy,mix:proxy,visibility:none,tam:none",0,False,,0,0,3,3,6.5,合理(≤PE中位)(proxy EPS),46.0,107.0,144.0,41.0,227.0,340.0,,auto,9.9,True,True,8,無證據帳本,False,,,,,,,營收+94%、ROE22%、翻倍PE合理,現金流背離、待質化,WATCH,分數<65,False,,,
2316,楠梓電,電子零組件,212.0,WATCH,10,20,6,5,8,1,50,155.0,19.5,-33.3,47.1,18.3,30.3,14.31,80.5,-27.2,19.8,-2.4,2.0,7.6,-0.5,5.9,-44.5,0.21,93.2,44.1,2.92,0.0,10.8,62.0,8.1,9.6,12.4,7.8,0.35,"{""2021"": 2.93, ""2022"": 2.81, ""2023"": 4.61, ""2024"": 4.28, ""2025"": 13.37}",4.28,False,False,4.28,36.2,2.5,19.82,23.63,26.36,proxy:raw64%→g1=38%衰減,proxy,22.6,-107.7,18.3,proxy,,,0,4,2,0,0,6,"platform:none,capacity:proxy,mix:proxy,visibility:none,tam:none",0,False,,0,0,1,1,11.8,合理(≤PE p75)(proxy EPS),160.0,253.0,376.0,3.0,63.0,143.0,,auto,9.9,False,True,8,無證據帳本,False,,,,,,,營收+47%、加速+18pp、翻倍PE合理,現金流背離、待質化,WATCH,分數<65,False,,,
2428,興勤,電子零組件,237.0,WATCH,22,10,1.5,10,6,0,49.5,260.0,25.4,-22.5,41.6,35.8,15.1,14.08,24.4,136.3,16.0,16.6,37.8,-1.7,39.5,-1.0,29.4,2.48,2.5,13.3,-0.57,0.0,18.5,93.0,11.6,13.9,16.1,14.7,0.95,"{""2021"": 12.31, ""2022"": 10.72, ""2023"": 10.21, ""2024"": 12.11, ""2025"": 11.76}",11.76,False,False,11.76,22.1,-1.7,17.74,20.05,21.62,proxy:raw33%→g1=26%衰減,proxy,15.4,111.9,35.8,proxy,,,0,1.5,0,0,0,1.5,"platform:none,capacity:proxy,mix:proxy,visibility:none,tam:none",0,False,,0,0,0,0,24.1,淘汰(PE不合理)(proxy EPS),188.0,301.0,400.0,-28.0,16.0,54.0,1.77,auto,0.56,False,False,8,無證據帳本,False,,,,,,,營收+42%、加速+36pp、FCF29%,PE位階93%、翻倍需PE過高、待質化,WATCH,分數<65、Base<20%,False,,,
3231,緯創,電腦及週邊,4659.0,WATCH,13,16,4,5,9,2,49,198.0,36.3,0.0,51.3,-84.4,100.0,12.75,73.0,114.5,22.2,15.3,6.0,-1.2,6.9,0.2,-25.6,-13.79,130.3,3.3,2.73,9.8,15.7,41.0,11.0,17.1,20.9,11.2,0.5,"{""2021"": 3.76, ""2022"": 4.01, ""2023"": 4.07, ""2024"": 6.11, ""2025"": 9.02}",4.07,False,False,4.07,48.6,-0.9,17.61,20.96,23.35,proxy:raw62%→g1=38%衰減,proxy,22.4,41.5,-84.4,proxy,,,0,4,0,0,0,4,"platform:none,capacity:proxy,mix:proxy,visibility:none,tam:none",0,False,,0,0,2,2,17.0,合理(≤PE中位)(proxy EPS),193.0,399.0,561.0,-3.0,102.0,183.0,0.03,auto,9.9,True,True,8,無證據帳本,False,,,,,,,營收+51%、ROE22%、翻倍PE合理,現金流背離、待質化,WATCH,分數<65,False,,,
6781,AES-KY,電子零組件,974.0,WATCH,23,9,3,7,5,2,49,1115.0,-2.2,-24.4,26.8,5.8,31.6,42.29,23.9,32.6,21.3,43.5,36.0,-2.7,37.4,-1.3,48.7,2.63,26.6,9.4,-1.8,0.0,26.4,34.0,23.4,29.7,36.7,21.8,1.74,"{""2021"": 30.56, ""2022"": 37.68, ""2023"": 23.04, ""2024"": 25.39, ""2025"": 38.2}",30.56,False,False,30.56,36.5,-1.4,51.19,56.57,60.15,proxy:raw25%→g1=21%衰減,proxy,12.5,8.7,5.8,proxy,,,0,3,0,0,0,3,"platform:none,capacity:proxy,mix:proxy,visibility:none,tam:none",0,False,,0,0,2,2,37.1,需Re-rating(proxy EPS),1056.0,1786.0,2539.0,-5.0,60.0,128.0,0.09,auto,9.9,False,True,8,無證據帳本,False,,,,,,,ROE21%、FCF49%,待質化,WATCH,分數<65,False,,,
2441,超豐,半導體,530.0,WATCH,19,12,3,10,5,0,49,116.0,16.4,-17.9,31.9,16.4,19.0,5.41,32.9,89.2,12.3,12.8,21.5,0.1,23.2,-0.0,28.8,4.85,34.6,39.3,-0.66,0.0,21.5,92.0,10.2,14.3,17.9,17.1,1.13,"{""2021"": 8.1, ""2022"": 5.55, ""2023"": 3.51, ""2024"": 4.39, ""2025"": 4.31}",4.39,False,False,4.39,26.4,-1.7,6.8,7.67,8.26,proxy:raw32%→g1=26%衰減,proxy,15.2,56.3,16.4,proxy,,,0,3,0,0,0,3,"platform:none,capacity:proxy,mix:proxy,visibility:none,tam:none",0,False,,0,0,0,0,28.1,淘汰(PE不合理)(proxy EPS),63.0,118.0,170.0,-46.0,2.0,47.0,24.93,auto,0.04,False,False,8,無證據帳本,False,,,,,,,營收+32%、加速+16pp、FCF29%,PE位階92%、翻倍需PE過高、待質化,WATCH,分數<65、Base<20%,False,,,
2382,廣達,電腦及週邊,13356.0,WATCH,16,10,1.5,10,9,2,48.5,345.0,14.4,-13.7,109.5,25.4,71.0,22.94,28.4,70.0,39.0,20.4,5.7,-1.7,6.6,-0.9,-1.1,-0.36,59.2,1.8,1.11,0.0,15.0,41.0,10.6,15.9,20.9,10.8,0.47,"{""2021"": 8.73, ""2022"": 7.51, ""2023"": 10.29, ""2024"": 15.49, ""2025"": 19.44}",10.29,False,False,10.29,33.5,-0.9,32.03,38.38,42.94,proxy:raw69%→g1=40%衰減,proxy,23.2,41.6,25.4,proxy,,,0,1.5,0,0,0,1.5,"platform:none,capacity:proxy,mix:proxy,visibility:none,tam:none",0,False,,0,0,2,2,16.1,合理(≤PE p75)(proxy EPS),341.0,683.0,1032.0,-1.0,98.0,199.0,0.01,auto,9.9,False,True,8,無證據帳本,False,,,,,,,營收+110%、加速+25pp、ROE39%、翻倍PE合理,現金流背離、待質化,WATCH,分數<65,False,,,
3406,玉晶光,光電,581.0,WATCH,22,15,2.5,6,3,0,48.5,1055.0,101.7,0.0,12.1,-2.6,15.5,36.96,24.4,185.9,16.1,27.0,33.8,2.6,35.4,3.7,43.4,4.9,11.7,17.0,-0.7,0.0,28.5,100.0,13.0,14.9,17.6,24.7,2.66,"{""2021"": 20.52, ""2022"": 29.05, ""2023"": 27.25, ""2024"": 38.36, ""2025"": 32.84}",29.05,False,False,29.05,36.3,-1.6,42.77,46.14,48.32,proxy:raw18%→g1=16%衰減,proxy,9.3,161.5,-2.6,proxy,,,0,1.5,1,0,0,2.5,"platform:none,capacity:proxy,mix:proxy,visibility:none,tam:none",0,False,,0,0,0,0,43.7,淘汰(PE不合理)(proxy EPS),471.0,720.0,978.0,-55.0,-32.0,-7.0,,auto,0.0,False,False,8,無證據帳本,False,,,,,,,FCF43%,PE位階100%、翻倍需PE過高、待質化,REDUCE,Base<20% 且 PE 位階≥95%、分數<60,False,,,
3443,創意,半導體,6640.0,WATCH,22,12,4,10,0,0,48,5810.0,65.5,-5.1,131.4,47.9,98.8,39.01,44.3,98.8,39.7,135.5,23.0,-9.6,31.9,-3.3,5.7,1.68,173.6,5.1,-1.32,0.0,148.9,98.0,41.8,48.9,56.9,104.6,4.22,"{""2021"": 10.9, ""2022"": 27.69, ""2023"": 26.18, ""2024"": 25.75, ""2025"": 28.13}",26.18,False,False,26.18,221.9,-8.9,55.55,67.33,75.89,proxy:raw88%→g1=42%衰減,proxy,24.8,54.5,47.9,proxy,,,0,4,0,0,0,4,"platform:none,capacity:proxy,mix:proxy,visibility:none,tam:none",0,False,,0,0,0,0,153.1,淘汰(PE不合理)(proxy EPS),2379.0,3711.0,4966.0,-59.0,-36.0,-15.0,,auto,0.0,False,False,8,無證據帳本,False,,,,,,,營收+131%、加速+48pp、ROE40%,PE位階98%、翻倍需PE過高、待質化,REDUCE,Base<20% 且 PE 位階≥95%、分數<60,False,,,
6579,研揚,電腦及週邊,228.0,WATCH,10,17,3,5,10,3,48,150.5,15.2,-18.0,41.4,26.7,30.7,9.87,129.5,,12.3,7.9,33.7,-1.3,34.0,1.0,-13.4,0.57,29.8,2.3,-1.05,5.6,20.6,27.0,19.8,25.2,28.1,10.8,0.44,"{""2021"": 4.23, ""2022"": 10.03, ""2023"": 8.44, ""2024"": 7.98, ""2025"": 5.62}",7.98,False,False,7.98,18.9,-0.3,13.97,16.88,18.98,proxy:raw81%→g1=42%衰減,proxy,24.4,,26.7,proxy,,,0,3,0,0,0,3,"platform:none,capacity:proxy,mix:proxy,visibility:none,tam:none",0,False,,0,0,3,3,15.9,合理(≤PE中位)(proxy EPS),282.0,478.0,613.0,87.0,218.0,308.0,,auto,9.9,True,True,8,無證據帳本,False,,,,,,,營收+41%、加速+27pp、翻倍PE合理,待質化,WATCH,分數<65,False,,,
6672,騰輝電子-KY,電子零組件,153.0,WATCH,14,15,5,10,4,0,48,289.0,72.2,-8.3,97.4,62.5,38.0,7.25,74.3,138.7,14.0,14.0,33.7,1.1,32.2,5.4,0.4,2.78,146.7,16.5,-1.04,14.3,43.7,98.0,11.7,14.2,16.1,28.0,1.13,"{""2021"": 11.73, ""2022"": 6.61, ""2023"": 6.07, ""2024"": 5.01, ""2025"": 4.85}",6.07,False,False,6.07,47.6,1.5,10.31,12.48,14.06,proxy:raw86%→g1=42%衰減,proxy,24.7,64.4,62.5,proxy,,,0,4,1,0,0,5,"platform:none,capacity:proxy,mix:proxy,visibility:none,tam:none",0,False,,0,0,0,0,41.1,淘汰(PE不合理)(proxy EPS),123.0,200.0,260.0,-57.0,-31.0,-10.0,,auto,0.0,False,False,8,無證據帳本,False,,,,,,,營收+97%、加速+62pp,PE位階98%、股本+14%、翻倍需PE過高、待質化,REDUCE,Base<20% 且 PE 位階≥95%、分數<60,False,,,
3533,嘉澤,電子零組件,3061.0,WATCH,23,7,3,8,5,1,47,1685.0,-8.3,-39.8,14.9,0.4,13.3,82.29,15.7,164.3,23.7,29.4,49.4,-2.6,46.5,-5.2,24.7,2.86,37.9,36.2,-0.79,1.0,20.5,56.0,16.4,19.7,24.6,18.1,2.29,"{""2021"": 33.32, ""2022"": 58.68, ""2023"": 50.58, ""2024"": 82.77, ""2025"": 70.15}",58.68,False,False,58.68,28.7,2.9,93.28,99.51,103.5,proxy:raw15%→g1=13%衰減,proxy,7.9,148.6,0.4,proxy,,,0,3,0,0,0,3,"platform:none,capacity:proxy,mix:proxy,visibility:none,tam:none",0,False,,0,0,1,1,32.6,淘汰(PE不合理)(proxy EPS),1273.0,2039.0,2928.0,-24.0,21.0,74.0,1.16,auto,0.86,False,False,8,無證據帳本,False,,,,,,,ROE24%、FCF25%,翻倍需PE過高、待質化,WATCH,分數<65,False,,,
5522,遠雄,建材營造,540.0,WATCH,11,16,2,5,10,3,47,64.0,0.2,-15.7,964.8,304.8,225.1,10.02,441.6,,16.4,10.7,34.9,7.7,32.5,32.8,-3.8,-1.65,-33.3,0.1,2.53,0.0,6.4,5.0,8.3,10.9,15.1,4.4,0.17,"{""2021"": 7.78, ""2022"": 7.04, ""2023"": 4.76, ""2024"": 4.32, ""2025"": 7.45}",7.04,False,False,7.04,9.1,2.4,14.53,17.8,20.2,proxy:raw542%→g1=45%衰減,proxy,26.3,,304.8,proxy,,,0,0,2,0,0,2,"platform:none,capacity:proxy,mix:proxy,visibility:none,tam:none",0,False,,0,0,3,3,6.3,合理(≤PE中位)(proxy EPS),97.0,220.0,351.0,51.0,244.0,448.0,,auto,9.9,True,True,8,無證據帳本,False,,,,,,,營收+965%、加速+305pp、翻倍PE合理,現金流背離、待質化,WATCH,分數<65,False,,,
3305,昇貿,其他電子,162.0,WATCH,7,19,2,8,9,2,47,111.0,-2.8,-32.4,68.9,3.8,49.5,5.63,98.9,1225.0,13.4,8.9,16.2,3.7,13.7,1.9,-29.3,-4.93,-20.7,1.2,3.32,6.8,20.1,36.0,16.5,26.6,37.6,13.9,0.57,"{""2021"": 4.99, ""2022"": 3.99, ""2023"": 1.74, ""2024"": 3.1, ""2025"": 3.16}",3.16,False,False,3.16,35.1,2.5,7.99,9.67,10.89,proxy:raw84%→g1=42%衰減,proxy,24.6,201.1,3.8,proxy,,,0,0,2,0,0,2,"platform:none,capacity:proxy,mix:proxy,visibility:none,tam:none",0,False,,0,0,2,2,20.4,合理(≤PE中位)(proxy EPS),135.0,290.0,471.0,21.0,161.0,324.0,,auto,9.9,True,True,8,無證據帳本,False,,,,,,,營收+69%、翻倍PE合理,現金流背離、待質化,WATCH,分數<65,False,,,
3416,融程電,電腦及週邊,129.0,WATCH,23,10,0,6,7,1,47,172.5,14.7,-8.0,33.1,-2.9,26.2,8.63,29.2,108.4,20.2,20.3,38.5,-1.8,38.4,-2.0,17.4,1.76,-55.4,1.9,-0.72,2.8,20.0,55.0,16.0,19.1,21.9,16.0,1.09,"{""2021"": 5.04, ""2022"": 6.22, ""2023"": 6.63, ""2024"": 7.03, ""2025"": 7.4}",6.63,False,False,6.63,26.0,0.1,10.78,12.12,13.03,proxy:raw31%→g1=25%衰減,proxy,14.7,79.2,-2.9,proxy,,,0,0,0,0,0,0,"platform:none,capacity:proxy,mix:proxy,visibility:none,tam:none",0,False,,0,0,1,1,26.5,需Re-rating(proxy EPS),156.0,249.0,328.0,-9.0,44.0,90.0,0.21,auto,4.73,False,False,8,無證據帳本,False,,,,,,,營收+33%、ROE20%、FCF17%,待質化,WATCH,分數<65,False,,,
4766,南寶,化學工業,442.0,WATCH,23,5,1.5,9,6,2,46.5,346.0,6.5,-17.1,15.3,9.4,5.1,23.44,9.2,58.4,21.0,27.0,33.8,-0.0,30.7,0.1,22.9,2.54,15.2,6.7,-0.39,0.0,14.8,49.0,12.5,14.8,16.1,13.3,2.08,"{""2021"": 7.26, ""2022"": 14.44, ""2023"": 20.15, ""2024"": 22.27, ""2025"": 20.26}",20.15,False,False,20.15,17.2,3.1,25.97,27.38,28.27,proxy:raw12%→g1=11%衰減,proxy,6.4,49.2,9.4,proxy,,,0,1.5,0,0,0,1.5,"platform:none,capacity:proxy,mix:proxy,visibility:none,tam:none",0,False,,0,0,2,2,24.5,淘汰(PE不合理)(proxy EPS),265.0,418.0,523.0,-23.0,21.0,51.0,1.12,auto,0.89,False,False,8,無證據帳本,False,,,,,,,ROE21%、FCF23%,翻倍需PE過高、待質化,WATCH,分數<65,False,,,
3090,日電貿,電子零組件,303.0,WATCH,8,19,3.5,10,6,0,46.5,176.5,24.3,-48.1,45.8,18.4,28.3,8.15,83.1,473.2,15.2,7.4,18.0,2.4,16.8,1.7,-2.8,-0.04,185.3,0.2,1.29,35.2,23.4,94.0,9.9,15.5,17.7,15.6,0.69,"{""2021"": 4.58, ""2022"": 8.02, ""2023"": 3.39, ""2024"": 4.52, ""2025"": 5.47}",4.58,False,False,4.58,38.5,1.2,11.3,13.48,15.05,proxy:raw64%→g1=39%衰減,proxy,22.7,216.9,18.4,proxy,,,0,1.5,2,0,0,3.5,"platform:none,capacity:proxy,mix:proxy,visibility:none,tam:none",0,False,,0,0,0,0,23.5,淘汰(PE不合理)(proxy EPS),112.0,233.0,306.0,-37.0,32.0,74.0,1.14,auto,0.88,False,False,8,無證據帳本,False,,,,,,,營收+46%、加速+18pp,PE位階94%、現金流背離、股本+35%、翻倍需PE過高、待質化,WATCH,分數<65,False,,,
3167,大量,電機機械,704.0,WATCH,17,20,2,4,3,0,46,803.0,56.1,-15.2,137.6,9.6,108.5,14.41,229.7,206.5,35.5,33.5,42.0,7.8,28.6,10.4,10.5,0.34,-8.9,5.8,-0.06,8.5,56.3,71.0,10.7,33.8,65.1,38.6,1.48,"{""2021"": 5.51, ""2022"": 3.9, ""2023"": 0.16, ""2024"": 1.48, ""2025"": 8.13}",3.9,False,False,3.9,205.9,13.4,20.82,25.45,28.85,proxy:raw129%→g1=44%衰減,proxy,26.0,-23.2,9.6,proxy,,,0,0,2,0,0,2,"platform:none,capacity:proxy,mix:proxy,visibility:none,tam:none",0,False,,0,0,0,0,55.7,合理(≤PE p75)(proxy EPS),232.0,975.0,2160.0,-71.0,21.0,169.0,3.32,auto,0.3,False,True,8,無證據帳本,False,,,,,,,營收+138%、ROE36%、FCF10%、翻倍PE合理,現金流背離、待質化,WATCH,分數<65,False,,,
4551,智伸科,汽車,156.0,WATCH,20,13,0,5,7,1,46,171.5,19.9,-37.6,26.8,10.1,9.5,9.53,44.2,,12.3,16.5,23.3,0.2,24.1,-1.4,28.8,3.32,-12.9,6.5,-1.39,0.0,18.0,62.0,13.8,16.2,21.7,14.1,0.87,"{""2021"": 10.47, ""2022"": 12.2, ""2023"": 4.47, ""2024"": 8.3, ""2025"": 6.04}",8.3,False,False,8.3,20.7,-0.8,12.15,13.82,14.96,proxy:raw36%→g1=27%衰減,proxy,16.2,,10.1,proxy,,,0,0,0,0,0,0,"platform:none,capacity:proxy,mix:proxy,visibility:none,tam:none",0,False,,0,0,1,1,22.9,需Re-rating(proxy EPS),155.0,242.0,373.0,-10.0,41.0,118.0,0.24,auto,4.25,False,True,8,無證據帳本,False,,,,,,,加速+10pp、FCF29%,待質化,WATCH,分數<65,False,,,
3048,益登,電子通路,111.0,WATCH,14,16,0,5,9,2,46,53.4,12.6,-27.9,58.8,38.9,15.6,4.71,999,,21.7,15.4,3.8,0.5,3.3,0.3,-1.0,0.91,-23.7,0.0,2.09,0.0,11.3,44.0,7.5,14.9,34.0,8.0,0.33,"{""2021"": 4.83, ""2022"": 3.13, ""2023"": 0.02, ""2024"": -2.11, ""2025"": 2.01}",2.01,False,False,2.01,26.6,0.5,6.66,8.04,9.04,proxy:raw79%→g1=41%衰減,proxy,24.3,,38.9,proxy,,,0,0,0,0,0,0,"platform:none,capacity:proxy,mix:proxy,visibility:none,tam:none",0,False,,0,0,2,2,11.8,合理(≤PE中位)(proxy EPS),51.0,135.0,353.0,-5.0,152.0,562.0,0.03,auto,9.9,True,True,8,無證據帳本,False,,,,,,,營收+59%、加速+39pp、ROE22%、翻倍PE合理,待質化,WATCH,分數<65,False,,,
2313,華通,電子零組件,2980.0,WATCH,19,13,2.5,9,2,0,45.5,249.5,27.9,-15.6,14.6,7.5,11.2,6.21,32.1,77.1,15.8,13.1,18.8,1.4,18.0,1.0,5.7,3.4,14.2,20.2,0.19,0.0,40.2,93.0,9.5,13.0,17.9,33.6,2.9,"{""2021"": 4.31, ""2022"": 6.71, ""2023"": 3.5, ""2024"": 4.7, ""2025"": 5.51}",4.7,False,False,4.7,53.1,0.8,7.43,8.16,8.64,proxy:raw23%→g1=20%衰減,proxy,11.6,45.0,7.5,proxy,,,0,1.5,1,0,0,2.5,"platform:none,capacity:proxy,mix:proxy,visibility:none,tam:none",0,False,,0,0,0,0,57.8,淘汰(PE不合理)(proxy EPS),62.0,112.0,178.0,-75.0,-55.0,-29.0,,auto,0.0,False,False,8,無證據帳本,False,,,,,,,,PE位階93%、翻倍需PE過高、待質化,WATCH,分數<65、Base<20%,False,,,
1808,潤隆,建材營造,253.0,WATCH,12,14,1.5,5,10,3,45.5,34.7,8.8,-42.1,84481.7,20308.5,1406.0,4.11,999,,29.3,15.2,23.5,-7.6,27.7,122.9,37.5,-2.37,15.2,0.1,2.28,98.0,8.2,30.0,7.2,17.3,22.4,5.8,0.22,"{""2021"": 4.37, ""2022"": 0.37, ""2023"": 17.07, ""2024"": 4.78, ""2025"": 1.36}",4.37,False,False,4.37,7.9,-4.2,5.96,7.3,8.29,proxy:raw42291%→g1=45%衰減,proxy,26.3,,20308.5,proxy,,,0,1.5,0,0,0,1.5,"platform:none,capacity:proxy,mix:proxy,visibility:none,tam:none",0,False,,0,0,3,3,8.4,合理(≤PE中位)(proxy EPS),45.0,143.0,214.0,29.0,313.0,515.0,,auto,9.9,True,True,8,無證據帳本,False,,,,,,,營收+84482%、加速+20308pp、ROE29%、FCF38%、翻倍PE合理,現金流背離、股本+98%、待質化,WATCH,分數<65,False,,,
3029,零壹,資訊服務,170.0,WATCH,21,8,1.5,6,8,1,45.5,111.5,6.4,-29.2,33.4,32.4,15.6,6.96,18.6,10.1,21.5,37.2,12.7,0.4,12.0,0.4,8.5,2.65,143.6,1.0,-0.9,8.0,15.9,56.0,12.6,15.3,18.9,13.2,1.04,"{""2021"": 4.23, ""2022"": 4.03, ""2023"": 4.5, ""2024"": 5.21, ""2025"": 6.54}",4.5,False,False,4.5,24.8,0.7,8.46,9.37,9.97,proxy:raw26%→g1=21%衰減,proxy,12.7,-8.5,32.4,proxy,,,0,1.5,0,0,0,1.5,"platform:none,capacity:proxy,mix:proxy,visibility:none,tam:none",0,False,,0,0,1,1,22.4,需Re-rating(proxy EPS),94.0,153.0,217.0,-16.0,37.0,94.0,0.42,auto,2.37,False,False,8,無證據帳本,False,,,,,,,營收+33%、加速+32pp、ROE22%,待質化,WATCH,分數<65,False,,,
6239,力成,半導體,1732.0,WATCH,14,17,5,5,4,0,45,276.5,15.9,-25.6,27.1,-7.0,26.9,10.1,40.3,130.8,13.2,13.5,19.0,0.8,19.4,1.0,-18.0,7.31,79.6,67.4,0.2,0.0,27.4,89.0,9.2,11.9,17.7,21.7,1.39,"{""2021"": 11.54, ""2022"": 11.6, ""2023"": 10.72, ""2024"": 9.09, ""2025"": 7.48}",10.72,False,False,10.72,25.8,-0.4,12.77,14.46,15.61,proxy:raw34%→g1=26%衰減,proxy,15.6,90.5,-7.0,proxy,,,0,4,1,0,0,5,"platform:none,capacity:proxy,mix:proxy,visibility:none,tam:none",0,False,,0,0,0,0,35.4,淘汰(PE不合理)(proxy EPS),108.0,186.0,318.0,-61.0,-33.0,15.0,,auto,0.0,False,False,8,無證據帳本,False,,,,,,,,PE位階89%、翻倍需PE過高、待質化,WATCH,分數<65、Base<20%,False,,,
2376,技嘉,電腦及週邊,2016.0,WATCH,12,16,0,5,9,2,44,361.0,29.7,-9.2,44.4,-20.9,39.0,26.71,62.7,116.7,29.1,12.9,10.5,-0.2,12.2,0.3,-23.1,-4.1,-13.8,0.9,2.99,5.4,13.5,40.0,8.4,16.2,24.0,10.0,0.48,"{""2021"": 21.0, ""2022"": 10.29, ""2023"": 7.46, ""2024"": 15.06, ""2025"": 18.19}",15.06,False,False,15.06,24.0,-1.7,36.2,42.64,47.18,proxy:raw54%→g1=36%衰減,proxy,20.9,54.0,-20.9,proxy,,,0,0,0,0,0,0,"platform:none,capacity:proxy,mix:proxy,visibility:none,tam:none",0,False,,0,0,2,2,15.3,合理(≤PE中位)(proxy EPS),297.0,764.0,1302.0,-18.0,112.0,261.0,0.16,auto,6.32,True,True,8,無證據帳本,False,,,,,,,營收+44%、ROE29%、翻倍PE合理,現金流背離、待質化,WATCH,分數<65,False,,,
6526,達發,半導體,1097.0,WATCH,22,6,1,9,4,2,44,635.0,17.7,-14.0,14.9,7.4,4.7,18.04,1.1,13.1,16.2,47.2,52.4,0.8,50.5,-0.4,31.7,3.26,-23.1,8.3,-2.24,0.9,35.2,42.0,29.9,40.4,70.4,32.9,7.65,"{""2023"": 6.47, ""2024"": 16.09, ""2025"": 17.32}",16.09,False,False,16.09,39.5,1.9,19.33,20.02,20.45,proxy:raw8%→g1=7%衰減,proxy,4.3,12.0,7.4,proxy,,,0,0,1,0,0,1,"platform:none,capacity:proxy,mix:proxy,visibility:none,tam:none",0,False,,0,0,2,2,62.1,合理(≤PE p75)(proxy EPS),459.0,826.0,1656.0,-28.0,30.0,161.0,0.92,auto,1.08,False,True,8,無證據帳本,False,,,,,,,FCF32%、翻倍PE合理,待質化,WATCH,分數<65,False,,,
3005,神基,電腦及週邊,607.0,WATCH,23,5,0,8,6,2,44,115.0,4.8,-26.4,19.9,19.6,9.7,8.45,8.3,11.5,21.2,25.6,31.3,-0.8,28.7,-0.4,19.7,2.49,-11.2,10.5,-0.64,2.1,13.7,44.0,11.7,14.1,16.2,12.1,1.64,"{""2021"": 7.19, ""2022"": 4.27, ""2023"": 6.17, ""2024"": 7.26, ""2025"": 8.43}",7.19,False,False,7.19,16.0,2.6,9.49,10.08,10.46,proxy:raw14%→g1=12%衰減,proxy,7.4,3.2,19.6,proxy,,,0,0,0,0,0,0,"platform:none,capacity:proxy,mix:proxy,visibility:none,tam:none",0,False,,0,0,2,2,22.0,淘汰(PE不合理)(proxy EPS),92.0,147.0,195.0,-20.0,28.0,69.0,0.71,auto,1.4,False,False,8,無證據帳本,False,,,,,,,加速+20pp、ROE21%、FCF20%,翻倍需PE過高、待質化,WATCH,分數<65,False,,,
3563,牧德,光電,534.0,WATCH,20,11,3,6,3,1,44,693.0,6.3,-26.3,27.7,21.0,16.0,16.18,25.3,23.9,19.9,22.4,59.1,-1.7,59.7,2.9,67.0,1.95,28.9,3.3,-1.14,10.0,40.7,60.0,13.5,29.7,53.3,35.2,2.73,"{""2021"": 18.51, ""2022"": 13.35, ""2023"": 8.45, ""2024"": 5.52, ""2025"": 15.79}",13.35,False,False,13.35,51.9,-0.6,19.71,21.87,23.3,proxy:raw26%→g1=22%衰減,proxy,12.9,-1.4,21.0,proxy,,,0,3,0,0,0,3,"platform:none,capacity:proxy,mix:proxy,visibility:none,tam:none",0,False,,0,0,1,1,59.5,需Re-rating(proxy EPS),236.0,692.0,1428.0,-66.0,-0.0,106.0,,auto,0.0,False,True,8,無證據帳本,False,,,,,,,加速+21pp、FCF67%,股本+10%、待質化,WATCH,分數<65、Base<20%,False,,,
6414,樺漢,電腦及週邊,508.0,WATCH,16,10,0,10,7,1,44,395.0,21.1,-21.5,49.1,34.2,12.7,25.43,16.7,74.0,13.5,25.5,20.4,0.5,20.2,2.7,6.8,5.68,-8.1,4.0,0.0,10.4,16.4,68.0,11.9,14.3,17.2,12.3,0.8,"{""2021"": 13.9, ""2022"": 32.59, ""2023"": 18.9, ""2024"": 20.04, ""2025"": 23.26}",20.04,False,False,20.04,19.7,0.2,32.03,36.19,39.01,proxy:raw33%→g1=26%衰減,proxy,15.3,57.3,34.2,proxy,,,0,0,0,0,0,0,"platform:none,capacity:proxy,mix:proxy,visibility:none,tam:none",0,False,,0,0,1,1,20.3,需Re-rating(proxy EPS),348.0,558.0,772.0,-12.0,41.0,95.0,0.29,auto,3.48,False,False,8,無證據帳本,False,,,,,,,營收+49%、加速+34pp,股本+10%、待質化,WATCH,分數<65,False,,,
2493,揚博,電子零組件,249.0,WATCH,21,7,4,10,2,0,44,181.5,21.1,-43.2,27.6,30.3,7.8,5.24,5.2,213.3,21.6,26.0,29.4,-2.1,30.4,-2.6,29.2,2.22,164.2,5.4,-1.32,10.8,34.7,95.0,12.2,14.8,17.5,30.3,3.56,"{""2021"": 2.99, ""2022"": 5.18, ""2023"": 6.03, ""2024"": 6.04, ""2025"": 4.56}",5.18,False,False,5.18,35.0,-1.0,5.99,6.41,6.69,proxy:raw16%→g1=14%衰減,proxy,8.5,208.1,30.3,proxy,,,0,4,0,0,0,4,"platform:none,capacity:proxy,mix:proxy,visibility:none,tam:none",0,False,,0,0,0,0,54.3,淘汰(PE不合理)(proxy EPS),61.0,99.0,135.0,-66.0,-45.0,-26.0,,auto,0.0,False,False,8,無證據帳本,False,,,,,,,加速+30pp、ROE22%、FCF29%,PE位階95%、股本+11%、翻倍需PE過高、待質化,REDUCE,Base<20% 且 PE 位階≥95%、分數<60,False,,,
3033,威健,電子通路,205.0,WATCH,9,18,1,5,9,2,44,44.0,17.1,-17.6,53.7,47.8,24.7,4.85,192.2,,21.3,8.9,5.7,1.2,6.2,1.2,2.7,0.19,-45.9,0.0,5.06,20.7,9.7,35.0,8.4,13.0,17.5,6.4,0.26,"{""2021"": 4.54, ""2022"": 4.03, ""2023"": 1.84, ""2024"": 2.55, ""2025"": 1.81}",2.55,False,False,2.55,17.3,-0.5,6.9,8.36,9.42,proxy:raw87%→g1=42%衰減,proxy,24.8,,47.8,proxy,,,0,0,1,0,0,1,"platform:none,capacity:proxy,mix:proxy,visibility:none,tam:none",0,False,,0,0,2,2,9.3,合理(≤PE中位)(proxy EPS),59.0,122.0,190.0,35.0,178.0,331.0,,auto,9.9,True,True,8,無證據帳本,False,,,,,,,營收+54%、加速+48pp、ROE21%、翻倍PE合理,現金流背離、股本+21%、待質化,WATCH,分數<65,False,,,
2323,中環,光電,115.0,WATCH,9,16,1,5,10,3,44,10.8,1.4,-17.6,19.3,13.3,7.4,3.03,999,154.5,17.4,0.4,24.6,1.4,23.0,4.3,-73.6,-7.39,-13.8,3.2,4.4,0.0,3.6,1.0,7.7,13.2,17.8,2.6,0.12,"{""2021"": 0.55, ""2022"": -0.95, ""2023"": 1.61, ""2024"": -0.28, ""2025"": 1.58}",0.55,False,False,0.55,19.6,1.6,4.16,4.94,5.5,proxy:raw60%→g1=37%衰減,proxy,22.0,-145.5,13.3,proxy,,,0,0,1,0,0,1,"platform:none,capacity:proxy,mix:proxy,visibility:none,tam:none",0,False,,0,0,3,3,3.9,合理(≤PE中位)(proxy EPS),15.0,73.0,113.0,37.0,572.0,942.0,,auto,9.9,True,True,8,無證據帳本,False,,,,,,,加速+13pp、翻倍PE合理,現金流背離、待質化,WATCH,分數<65,False,,,
6214,精誠,資訊服務,315.0,WATCH,12,14,1.5,5,9,2,43.5,185.5,47.5,0.0,51.5,34.0,30.4,10.71,64.8,50.0,15.9,7.7,20.3,-1.2,22.2,-0.4,-17.4,-4.57,11.0,1.1,0.06,-0.0,17.3,33.0,16.7,18.3,19.5,12.6,0.58,"{""2021"": 4.9, ""2022"": 4.4, ""2023"": 6.03, ""2024"": 7.66, ""2025"": 7.9}",6.03,False,False,6.03,30.8,-1.9,14.67,17.39,19.31,proxy:raw58%→g1=37%衰減,proxy,21.7,-14.8,34.0,proxy,,,0,1.5,0,0,0,1.5,"platform:none,capacity:proxy,mix:proxy,visibility:none,tam:none",0,False,,0,0,2,2,19.2,合理(≤PE p75)(proxy EPS),242.0,353.0,433.0,30.0,90.0,133.0,,auto,9.9,False,True,8,無證據帳本,False,,,,,,,營收+52%、加速+34pp、翻倍PE合理,現金流背離、待質化,WATCH,分數<65,False,,,
6285,啟,通信網路,1127.0,WATCH,13,14,1,10,5,0,43,243.5,23.9,-22.4,69.7,65.5,19.1,9.2,48.9,229.1,12.8,9.2,13.2,1.2,12.1,0.9,-3.3,4.32,-17.5,5.4,0.78,-0.3,26.7,90.0,15.1,19.1,22.0,19.3,0.88,"{""2021"": 3.15, ""2022"": 7.93, ""2023"": 8.93, ""2024"": 7.26, ""2025"": 6.4}",7.26,False,False,7.26,33.5,1.1,12.63,14.99,16.67,proxy:raw59%→g1=37%衰減,proxy,21.9,180.2,65.5,proxy,,,0,0,1,0,0,1,"platform:none,capacity:proxy,mix:proxy,visibility:none,tam:none",0,False,,0,0,0,0,29.2,淘汰(PE不合理)(proxy EPS),189.0,318.0,422.0,-22.0,31.0,73.0,0.73,auto,1.37,False,False,8,無證據帳本,False,,,,,,,營收+70%、加速+66pp,PE位階90%、翻倍需PE過高、待質化,WATCH,分數<65,False,,,
2374,佳能,光電,267.0,WATCH,11,17,1.5,0,10,3,42.5,68.3,-7.2,-25.9,37.0,-25.4,67.5,3.36,114.0,100.0,13.0,12.3,23.7,-5.4,24.3,2.0,-11.5,0.53,11.2,10.0,-0.98,17.5,21.1,19.0,23.9,34.4,43.2,14.4,0.6,"{""2021"": 2.42, ""2022"": 0.48, ""2023"": 0.96, ""2024"": 1.9, ""2025"": 2.52}",1.9,False,False,1.9,35.9,-0.6,4.73,5.7,6.39,proxy:raw76%→g1=41%衰減,proxy,23.9,-14.0,-25.4,proxy,,,0,1.5,0,0,0,1.5,"platform:none,capacity:proxy,mix:proxy,visibility:none,tam:none",0,False,,0,0,3,3,21.4,合理(≤PE中位)(proxy EPS),101.0,220.0,317.0,48.0,222.0,365.0,,auto,9.9,True,True,8,無證據帳本,False,,,,,,,營收+37%、翻倍PE合理,股本+18%、待質化,REDUCE,EPS 1M/3M 同步下修、分數<60,False,,,
2357,華碩,電腦及週邊,4672.0,WATCH,14,11,0,9,8,0,42,1025.0,62.5,0.0,39.4,6.5,35.6,68.4,38.3,94.2,18.2,13.2,15.6,-0.8,17.0,0.7,-10.4,-0.55,-6.3,0.5,0.25,0.0,15.0,74.0,6.6,12.9,15.4,11.6,0.67,"{""2021"": 59.98, ""2022"": 19.78, ""2023"": 21.44, ""2024"": 42.27, ""2025"": 59.99}",42.27,False,False,42.27,24.2,-1.4,88.44,101.39,110.3,proxy:raw39%→g1=29%衰減,proxy,17.3,55.9,6.5,proxy,,,0,0,0,0,0,0,"platform:none,capacity:proxy,mix:proxy,visibility:none,tam:none",0,False,,0,0,0,0,18.6,需Re-rating(proxy EPS),546.0,1423.0,1953.0,-47.0,39.0,91.0,1.2,auto,0.83,False,False,8,無證據帳本,False,,,,,,,營收+39%,現金流背離、待質化,WATCH,分數<65,False,,,
6515,穎崴,半導體,3651.0,WATCH,22,10,0,10,0,0,42,7075.0,13.1,-34.0,187.8,149.1,57.3,62.2,38.4,224.7,32.4,27.9,41.3,-5.4,42.4,-4.9,39.0,2.18,-13.8,3.8,-0.48,4.8,115.8,91.0,22.7,33.4,60.0,79.0,3.06,"{""2021"": 14.46, ""2022"": 32.22, ""2023"": 13.52, ""2024"": 34.31, ""2025"": 46.93}",32.22,False,False,32.22,219.6,-1.1,89.59,109.31,123.76,proxy:raw113%→g1=44%衰減,proxy,25.8,186.3,149.1,proxy,,,0,0,0,0,0,0,"platform:none,capacity:proxy,mix:proxy,visibility:none,tam:none",0,False,,0,0,0,0,114.3,淘汰(PE不合理)(proxy EPS),2107.0,4134.0,8539.0,-70.0,-42.0,21.0,,auto,0.0,False,False,8,無證據帳本,False,,,,,,,營收+188%、加速+149pp、ROE32%、FCF39%,PE位階91%、翻倍需PE過高、待質化,WATCH,分數<65、Base<20%,False,,,
2356,英業達,電腦及週邊,1765.0,WATCH,10,10,4,10,7,1,42,67.5,31.3,-18.4,54.2,26.8,21.2,3.1,34.8,78.7,15.0,7.8,4.9,-0.5,5.0,-0.3,-5.5,-1.7,93.8,3.2,2.55,0.0,21.8,59.0,15.5,19.6,26.4,16.5,0.88,"{""2021"": 1.82, ""2022"": 1.71, ""2023"": 1.71, ""2024"": 2.02, ""2025"": 2.41}",1.82,False,False,1.82,37.1,-0.1,4.09,4.75,5.2,proxy:raw44%→g1=32%衰減,proxy,18.8,43.9,26.8,proxy,,,0,4,0,0,0,4,"platform:none,capacity:proxy,mix:proxy,visibility:none,tam:none",0,False,,0,0,1,1,26.0,合理(≤PE p75)(proxy EPS),60.0,102.0,158.0,-10.0,51.0,134.0,0.2,auto,4.88,False,True,8,無證據帳本,False,,,,,,,營收+54%、加速+27pp、翻倍PE合理,現金流背離、待質化,WATCH,分數<65,False,,,
3515,華擎,電腦及週邊,301.0,WATCH,16,10,0,5,9,2,42,227.0,2.7,-29.4,54.2,61.3,35.5,15.49,21.7,-10.6,17.1,26.1,15.2,-0.9,20.1,0.5,-3.1,0.5,-77.5,0.6,-0.42,1.6,14.7,35.0,12.7,17.3,25.2,11.4,0.67,"{""2021"": 19.67, ""2022"": 8.68, ""2023"": 7.55, ""2024"": 10.54, ""2025"": 15.28}",10.54,False,False,10.54,21.5,-4.9,19.95,22.83,24.8,proxy:raw38%→g1=29%衰減,proxy,17.0,-32.3,61.3,proxy,,,0,0,0,0,0,0,"platform:none,capacity:proxy,mix:proxy,visibility:none,tam:none",0,False,,0,0,2,2,18.3,合理(≤PE p75)(proxy EPS),236.0,429.0,719.0,4.0,89.0,217.0,,auto,9.9,False,True,8,無證據帳本,False,,,,,,,營收+54%、加速+61pp、翻倍PE合理,待質化,WATCH,分數<65,False,,,
6491,晶碩,生技醫療,216.0,WATCH,20,8,0,6,6,2,42,385.0,26.4,-8.9,23.4,-1.5,17.3,23.72,12.2,76.1,16.2,14.6,52.4,-1.3,53.0,0.7,23.1,4.37,-49.1,49.8,0.03,0.0,16.1,40.0,14.9,17.3,20.7,14.1,1.55,"{""2021"": 17.84, ""2022"": 22.03, ""2023"": 22.82, ""2024"": 23.48, ""2025"": 20.87}",22.03,False,False,22.03,17.5,-0.6,27.37,29.47,30.83,proxy:raw18%→g1=15%衰減,proxy,9.1,63.9,-1.5,proxy,,,0,0,0,0,0,0,"platform:none,capacity:proxy,mix:proxy,visibility:none,tam:none",0,False,,0,0,2,2,25.0,需Re-rating(proxy EPS),345.0,533.0,734.0,-11.0,39.0,91.0,0.27,auto,3.67,False,False,8,無證據帳本,False,,,,,,,FCF23%,待質化,WATCH,分數<65,False,,,
2495,普安,電腦及週邊,117.0,WATCH,7,17,0,5,10,3,42,37.5,2.3,-28.9,63.9,29.1,25.8,2.03,123.1,,12.2,1.7,41.5,-5.6,46.4,2.0,-28.7,0.02,-36.7,1.6,11.37,0.0,18.4,15.0,21.0,25.4,30.4,12.9,0.51,"{""2021"": 0.52, ""2022"": 0.78, ""2023"": 0.88, ""2024"": 2.23, ""2025"": 1.12}",0.88,False,False,0.88,42.6,-4.9,2.9,3.52,3.97,proxy:raw92%→g1=43%衰減,proxy,25.1,,29.1,proxy,,,0,0,0,0,0,0,"platform:none,capacity:proxy,mix:proxy,visibility:none,tam:none",0,False,,0,0,3,3,18.9,合理(≤PE中位)(proxy EPS),55.0,101.0,139.0,46.0,169.0,270.0,,auto,9.9,True,True,8,無證據帳本,False,,,,,,,營收+64%、加速+29pp、翻倍PE合理,現金流背離、待質化,WATCH,分數<65,False,,,
2347,聯強,電子通路,1409.0,WATCH,9,12,0,10,9,1,41,88.0,18.3,-9.4,131.4,80.0,47.3,7.31,46.2,196.2,15.3,6.7,4.0,-0.4,4.3,0.3,-5.2,2.68,-87.7,0.2,4.88,0.0,12.0,51.0,6.7,11.9,14.9,8.4,0.34,"{""2021"": 10.34, ""2022"": 9.45, ""2023"": 4.38, ""2024"": 5.52, ""2025"": 5.09}",5.52,False,False,5.52,15.9,-0.3,10.42,12.63,14.24,proxy:raw89%→g1=42%衰減,proxy,24.9,150.0,80.0,proxy,,,0,0,0,0,0,0,"platform:none,capacity:proxy,mix:proxy,visibility:none,tam:none",0,False,,0,0,1,1,12.4,合理(≤PE p75)(proxy EPS),72.0,169.0,244.0,-19.0,93.0,177.0,0.2,auto,4.95,False,True,8,無證據帳本,False,,,,,,,營收+131%、加速+80pp、翻倍PE合理,待質化,WATCH,分數<65,False,,,
2851,中再保,金融保險,251.0,WATCH,15,9,0,5,9,3,41,46.7,51.8,-1.4,34.0,-20.3,22.1,3.66,16.6,225.5,12.7,43.5,,,,1.3,,0.45,,,-5.83,0.0,4.4,1.0,8.3,9.8,13.0,10.5,0.85,"{""2021"": 3.5, ""2022"": 0.41, ""2023"": 2.61, ""2024"": 3.14, ""2025"": 3.66}",3.14,False,False,3.14,14.9,,4.43,4.89,5.2,proxy:raw25%→g1=21%衰減,proxy,12.4,208.9,-20.3,proxy,,,0,0,0,0,0,0,"platform:none,capacity:proxy,mix:proxy,visibility:none,tam:none",0,False,,0,0,3,3,18.0,需Re-rating(proxy EPS),17.0,51.0,78.0,-63.0,9.0,66.0,6.93,auto,0.14,False,False,8,無證據帳本,False,,,,,,,營收+34%,現金流背離、待質化,WATCH,分數<65、Base<20%,False,,,
6901,鑽石投資,其他,112.0,WATCH,17,12,0,5,7,0,41,14.9,-6.9,-63.5,1626.6,1818.4,-195.5,3.43,999,,29.5,23.5,,,,,-23.7,-5.76,-98.7,0.0,-0.86,0.4,,,,,,3.0,0.11,"{""2023"": -3.66, ""2024"": -2.96, ""2025"": -1.38}",-2.96,False,False,1.72,8.7,,4.97,6.09,6.92,proxy:raw863%→g1=45%衰減,proxy,26.3,,1818.4,proxy,,,0,0,0,0,0,0,"platform:none,capacity:proxy,mix:proxy,visibility:none,tam:none",0,False,,0,0,0,0,,資料不足,,,,,,,,,,,,8,無證據帳本,False,,,,,,,營收+1627%、加速+1818pp、ROE30%,現金流背離、待質化,WATCH,分數<65、Base<20%,False,,,
8996,高力,電機機械,1082.0,WATCH,22,14,4,0,0,0,40,1300.0,37.9,-18.2,69.3,-41.1,114.3,14.98,146.8,61.2,31.2,26.9,26.7,-2.6,27.4,-0.4,12.1,2.06,138.7,14.6,-0.17,4.1,87.5,88.0,39.3,54.6,72.9,60.7,2.41,"{""2021"": 1.66, ""2022"": 3.37, ""2023"": 6.45, ""2024"": 6.55, ""2025"": 9.08}",6.45,False,False,6.45,201.6,-0.7,21.42,26.03,29.39,proxy:raw95%→g1=43%衰減,proxy,25.2,-85.6,-41.1,proxy,,,0,4,0,0,0,4,"platform:none,capacity:proxy,mix:proxy,visibility:none,tam:none",0,False,,0,0,0,0,88.5,需Re-rating(proxy EPS),866.0,1605.0,2464.0,-33.0,23.0,90.0,1.42,auto,0.7,False,False,8,無證據帳本,False,,,,,,,營收+69%、ROE31%、FCF12%,PE位階88%、待質化,REDUCE,EPS 1M/3M 同步下修、分數<60,False,,,
2542,興富發,建材營造,844.0,WATCH,8,14,0,5,10,3,40,48.5,19.9,-0.5,775.8,-1354.3,136.5,4.32,57.7,441.7,17.6,7.1,30.7,-2.4,32.8,9.5,7.4,-0.83,-72.5,2.1,7.31,14.3,11.2,20.0,13.4,15.3,25.4,7.7,0.29,"{""2021"": 6.45, ""2022"": 2.38, ""2023"": 1.41, ""2024"": 3.19, ""2025"": 2.11}",2.38,False,False,2.38,20.4,-2.1,6.26,7.67,8.71,proxy:raw417%→g1=45%衰減,proxy,26.3,242.3,-1354.3,proxy,,,0,0,0,0,0,0,"platform:none,capacity:proxy,mix:proxy,visibility:none,tam:none",0,False,,0,0,3,3,11.1,合理(≤PE中位)(proxy EPS),73.0,133.0,254.0,51.0,175.0,425.0,,auto,9.9,True,True,8,無證據帳本,False,,,,,,,營收+776%、翻倍PE合理,現金流背離、股本+14%、待質化,WATCH,分數<65,False,,,
2317,鴻海,其他電子,35186.0,WATCH,14,8,1.5,10,6,0,39.5,256.0,11.0,-14.7,48.6,20.8,29.0,15.21,16.0,33.9,12.0,12.5,6.1,-0.1,6.2,0.5,-3.1,0.58,14.1,4.3,0.32,1.2,16.9,83.0,10.6,12.4,16.2,13.4,0.89,"{""2021"": 10.05, ""2022"": 10.21, ""2023"": 10.25, ""2024"": 11.01, ""2025"": 13.6}",10.25,False,False,10.25,25.0,-0.1,19.1,21.55,23.21,proxy:raw32%→g1=26%衰減,proxy,15.1,17.9,20.8,proxy,,,0,1.5,0,0,0,1.5,"platform:none,capacity:proxy,mix:proxy,visibility:none,tam:none",0,False,,0,0,0,0,22.1,淘汰(PE不合理)(proxy EPS),185.0,288.0,432.0,-28.0,12.0,69.0,2.25,auto,0.44,False,False,8,無證據帳本,False,,,,,,,營收+49%、加速+21pp,翻倍需PE過高、待質化,WATCH,分數<65、Base<20%,False,,,
2480,敦陽科,資訊服務,159.0,WATCH,23,5,0,7,4,0,39,156.0,8.3,-9.5,17.8,8.9,9.7,8.75,11.6,18.8,28.5,47.5,23.7,-0.6,24.7,-0.1,27.8,1.85,-36.9,2.5,-1.27,0.0,17.8,72.0,14.3,16.4,18.1,15.8,2.05,"{""2021"": 6.0, ""2022"": 6.91, ""2023"": 7.36, ""2024"": 7.5, ""2025"": 8.0}",7.36,False,False,7.36,21.2,-1.0,9.88,10.51,10.92,proxy:raw15%→g1=13%衰減,proxy,7.7,7.2,8.9,proxy,,,0,0,0,0,0,0,"platform:none,capacity:proxy,mix:proxy,visibility:none,tam:none",0,False,,0,0,0,0,28.6,淘汰(PE不合理)(proxy EPS),117.0,179.0,227.0,-25.0,15.0,46.0,1.68,auto,0.59,False,False,8,無證據帳本,False,,,,,,,ROE28%、FCF28%,翻倍需PE過高、待質化,WATCH,分數<65、Base<20%,False,,,
4904,遠傳,通信網路,3431.0,WATCH,20,5,0,7,5,1,38,104.0,11.8,-4.0,14.8,8.1,10.8,4.12,10.5,18.1,16.4,14.4,30.7,-0.8,31.0,0.3,59.9,5.86,-3.3,12.6,0.25,0.1,25.3,58.0,23.7,24.8,26.4,22.7,3.44,"{""2021"": 2.81, ""2022"": 2.94, ""2023"": 3.43, ""2024"": 3.56, ""2025"": 3.82}",3.43,False,False,3.43,30.3,-0.3,4.58,4.83,5.0,proxy:raw13%→g1=11%衰減,proxy,6.6,7.6,8.1,proxy,,,0,0,0,0,0,0,"platform:none,capacity:proxy,mix:proxy,visibility:none,tam:none",0,False,,0,0,1,1,41.6,淘汰(PE不合理)(proxy EPS),89.0,124.0,152.0,-15.0,19.0,46.0,0.76,auto,1.32,False,False,8,無證據帳本,False,,,,,,,FCF60%,翻倍需PE過高、待質化,WATCH,分數<65、Base<20%,False,,,
2850,新產,金融保險,414.0,WATCH,16,10,0,5,7,0,38,159.0,25.3,-5.6,33.3,-9.7,23.6,12.28,17.3,49.8,18.1,18.6,,,,2.5,,-0.47,,,-0.37,0.0,10.3,80.0,7.8,8.8,10.1,10.7,0.86,"{""2021"": 7.13, ""2022"": 6.34, ""2023"": 9.22, ""2024"": 10.47, ""2025"": 12.28}",9.22,False,False,9.22,17.2,,14.86,16.42,17.46,proxy:raw25%→g1=21%衰減,proxy,12.4,32.5,-9.7,proxy,,,0,0,0,0,0,0,"platform:none,capacity:proxy,mix:proxy,visibility:none,tam:none",0,False,,0,0,0,0,18.2,淘汰(PE不合理)(proxy EPS),102.0,154.0,203.0,-36.0,-3.0,28.0,,auto,0.0,False,False,8,無證據帳本,False,,,,,,,營收+33%,現金流背離、翻倍需PE過高、待質化,WATCH,分數<65、Base<20%,False,,,
1609,大亞,電器電纜,258.0,WATCH,7,15,1,4,9,2,38,37.3,1.4,-24.2,18.7,8.6,11.6,2.71,54.9,25.4,12.1,6.3,16.0,1.4,12.4,1.8,-22.0,-0.1,-32.5,24.9,4.16,6.6,13.8,37.0,12.8,15.8,20.9,10.7,0.64,"{""2021"": 2.34, ""2022"": 1.25, ""2023"": 3.99, ""2024"": 2.16, ""2025"": 1.64}",2.16,False,False,2.16,17.3,3.6,3.47,3.96,4.3,proxy:raw37%→g1=28%衰減,proxy,16.6,-29.5,8.6,proxy,,,0,0,1,0,0,1,"platform:none,capacity:proxy,mix:proxy,visibility:none,tam:none",0,False,,0,0,2,2,17.3,合理(≤PE p75)(proxy EPS),41.0,68.0,103.0,11.0,82.0,177.0,,auto,9.9,False,True,8,無證據帳本,False,,,,,,,翻倍PE合理,現金流背離、待質化,WATCH,分數<65,False,,,
1419,新紡,紡織纖維,192.0,WATCH,14,11,0,0,10,3,38,66.9,2.8,-13.8,16.9,-15.4,19.1,13.9,319.9,67.9,21.3,1.7,25.6,-3.3,28.6,-1.8,6.6,0.1,-26.6,2.2,0.88,0.0,4.8,1.0,6.9,18.2,21.4,3.5,0.15,"{""2021"": 1.51, ""2022"": 6.92, ""2023"": 2.17, ""2024"": 2.9, ""2025"": 4.12}",2.9,False,False,2.9,23.1,-3.0,19.39,23.23,25.98,proxy:raw68%→g1=40%衰減,proxy,23.2,-232.1,-15.4,proxy,,,0,0,0,0,0,0,"platform:none,capacity:proxy,mix:proxy,visibility:none,tam:none",0,False,,0,0,3,3,5.2,合理(≤PE中位)(proxy EPS),94.0,473.0,639.0,40.0,607.0,856.0,,auto,9.9,True,True,8,無證據帳本,False,,,,,,,ROE21%、翻倍PE合理,現金流背離、待質化,REDUCE,EPS 1M/3M 同步下修、分數<60,False,,,
3535,晶彩科,光電,108.0,WATCH,15,14,3,0,4,1,37,86.8,-17.9,-41.5,1149.1,-460.8,315.8,1.74,999,,12.9,5.8,43.2,-1.7,40.7,70.6,9.3,,31.0,3.2,0.87,0.0,50.2,61.0,8.9,19.0,63.1,34.4,1.31,"{""2021"": 1.23, ""2022"": 3.58, ""2023"": -0.42, ""2024"": 0.69, ""2025"": -1.06}",0.69,False,False,0.69,125.8,2.5,2.52,3.09,3.51,proxy:raw625%→g1=45%衰減,proxy,26.3,,-460.8,proxy,,,0,3,0,0,0,3,"platform:none,capacity:proxy,mix:proxy,visibility:none,tam:none",0,False,,0,0,1,1,49.5,合理(≤PE p75)(proxy EPS),23.0,67.0,255.0,-73.0,-23.0,193.0,,auto,0.0,False,True,8,無證據帳本,False,,,,,,,營收+1149%、翻倍PE合理,待質化,WATCH,分數<65、Base<20%,False,,,
2891,中信金,金融保險,10764.0,WATCH,12,8,0,10,6,0,36,68.4,24.8,-2.0,40.3,19.0,33.5,4.08,12.1,47.8,13.4,0.0,,,,,,0.17,,,-5.39,0.3,16.4,93.0,10.6,11.9,13.5,13.8,1.08,"{""2021"": 2.73, ""2022"": 1.55, ""2023"": 2.82, ""2024"": 3.64, ""2025"": 4.08}",2.82,False,False,2.82,24.3,,4.96,5.5,5.86,proxy:raw26%→g1=22%衰減,proxy,12.8,35.7,19.0,proxy,,,0,0,0,0,0,0,"platform:none,capacity:proxy,mix:proxy,visibility:none,tam:none",0,False,,0,0,0,0,23.3,淘汰(PE不合理)(proxy EPS),47.0,70.0,91.0,-32.0,2.0,33.0,16.35,auto,0.06,False,False,8,無證據帳本,False,,,,,,,營收+40%、加速+19pp,PE位階93%、現金流背離、翻倍需PE過高、待質化,WATCH,分數<65、Base<20%,False,,,
3042,晶技,電子零組件,512.0,WATCH,17,7,0,10,2,0,36,173.5,30.0,-30.3,22.1,17.3,7.2,5.78,3.6,51.9,12.7,13.1,32.2,-2.3,35.3,-1.4,34.0,3.67,-45.5,19.6,-0.58,10.7,30.0,94.0,10.9,15.1,17.5,27.0,4.03,"{""2021"": 10.06, ""2022"": 9.06, ""2023"": 5.53, ""2024"": 6.52, ""2025"": 5.28}",6.52,False,False,6.52,26.6,-3.1,6.43,6.8,7.03,proxy:raw13%→g1=11%衰減,proxy,6.7,48.3,17.3,proxy,,,0,0,0,0,0,0,"platform:none,capacity:proxy,mix:proxy,visibility:none,tam:none",0,False,,0,0,0,0,49.4,淘汰(PE不合理)(proxy EPS),57.0,106.0,141.0,-67.0,-39.0,-18.0,,auto,0.0,False,False,8,無證據帳本,False,,,,,,,加速+17pp、FCF34%,PE位階94%、股本+11%、翻倍需PE過高、待質化,WATCH,分數<65、Base<20%,False,,,
1210,大成,食品,435.0,WATCH,13,5,3,5,7,3,36,52.2,3.0,-12.6,14.6,13.4,4.6,4.06,1.5,-22.1,13.3,9.4,14.4,0.1,13.8,-0.5,2.9,5.09,44.6,12.9,1.01,0.0,12.8,23.0,12.9,14.1,18.8,12.0,2.79,"{""2021"": 2.37, ""2022"": 2.66, ""2023"": 4.81, ""2024"": 4.21, ""2025"": 4.32}",4.21,False,False,4.21,12.4,0.6,4.35,4.51,4.61,proxy:raw8%→g1=7%衰減,proxy,4.3,-23.6,13.4,proxy,,,0,3,0,0,0,3,"platform:none,capacity:proxy,mix:proxy,visibility:none,tam:none",0,False,,0,0,3,3,22.6,需Re-rating(proxy EPS),44.0,65.0,100.0,-15.0,25.0,91.0,0.62,auto,1.61,False,False,8,無證據帳本,False,,,,,,,加速+13pp,待質化,WATCH,分數<65,False,,,
2548,華固,建材營造,399.0,WATCH,9,14,0,0,10,3,36,94.6,-5.7,-19.5,3007.9,-40179.5,301.1,12.35,169.1,-42.9,18.9,10.4,27.3,-46.6,32.5,339.6,25.7,0.01,-39.6,0.9,3.29,15.5,7.7,21.0,7.9,12.0,18.4,5.3,0.2,"{""2021"": 10.56, ""2022"": 10.69, ""2023"": 12.95, ""2024"": 4.55, ""2025"": 10.13}",10.56,False,False,10.56,9.0,-5.2,17.91,21.94,24.9,proxy:raw1564%→g1=45%衰減,proxy,26.3,-212.0,-40179.5,proxy,,,0,0,0,0,0,0,"platform:none,capacity:proxy,mix:proxy,visibility:none,tam:none",0,False,,0,0,3,3,7.6,合理(≤PE中位)(proxy EPS),144.0,299.0,527.0,52.0,216.0,457.0,,auto,9.9,True,True,8,無證據帳本,False,,,,,,,營收+3008%、FCF26%、翻倍PE合理,現金流背離、股本+16%、待質化,REDUCE,EPS 1M/3M 同步下修、分數<60,False,,,
6189,豐藝,電子通路,129.0,WATCH,15,7,0,5,7,2,36,48.2,4.9,-27.2,5.4,10.3,-7.7,4.04,23.9,,17.3,16.9,8.9,0.3,7.8,-0.7,4.4,2.4,-89.1,0.0,0.05,22.4,11.9,38.0,10.7,13.9,16.6,10.6,1.39,"{""2021"": 4.31, ""2022"": 4.09, ""2023"": 4.0, ""2024"": 6.47, ""2025"": 2.86}",4.09,False,False,4.09,11.8,1.1,4.56,4.85,5.04,proxy:raw15%→g1=13%衰減,proxy,7.6,,10.3,proxy,,,0,0,0,0,0,0,"platform:none,capacity:proxy,mix:proxy,visibility:none,tam:none",0,False,,0,0,2,2,19.1,需Re-rating(proxy EPS),40.0,70.0,96.0,-16.0,45.0,100.0,0.35,auto,2.82,False,False,8,無證據帳本,False,,,,,,,加速+10pp,股本+22%、待質化,WATCH,分數<65,False,,,
6655,科定,其他,108.0,WATCH,12,7,0,10,5,2,36,117.5,-1.2,-13.0,27.8,15.3,18.4,4.85,15.5,87.6,13.8,4.6,49.3,-1.6,50.6,-1.8,6.4,3.04,-32.3,31.2,5.86,-2.0,24.2,35.0,16.9,26.9,32.9,20.5,1.88,"{""2021"": 7.67, ""2022"": 5.56, ""2023"": 3.53, ""2024"": 4.93, ""2025"": 3.93}",4.93,False,False,4.93,23.8,-1.3,5.74,6.27,6.61,proxy:raw22%→g1=18%衰減,proxy,10.9,72.1,15.3,proxy,,,0,0,0,0,0,0,"platform:none,capacity:proxy,mix:proxy,visibility:none,tam:none",0,False,,0,0,2,2,35.6,需Re-rating(proxy EPS),84.0,178.0,250.0,-29.0,51.0,113.0,0.56,auto,1.79,False,True,8,無證據帳本,False,,,,,,,加速+15pp,待質化,WATCH,分數<65,False,,,
2884,玉山金,金融保險,5151.0,WATCH,12,9,0,6,6,2,35,43.5,33.1,0.0,18.3,-2.4,23.1,2.12,30.1,56.2,12.5,0.0,,,,,,2.77,,,-5.46,3.4,18.1,38.0,17.4,18.9,20.2,17.1,1.43,"{""2021"": 1.54, ""2022"": 1.1, ""2023"": 1.41, ""2024"": 1.63, ""2025"": 2.12}",1.54,False,False,1.54,28.2,,2.55,2.81,2.98,proxy:raw24%→g1=20%衰減,proxy,12.0,26.1,-2.4,proxy,,,0,0,0,0,0,0,"platform:none,capacity:proxy,mix:proxy,visibility:none,tam:none",0,False,,0,0,2,2,29.2,淘汰(PE不合理)(proxy EPS),39.0,56.0,69.0,-11.0,29.0,59.0,0.36,auto,2.78,False,False,8,無證據帳本,False,,,,,,,,翻倍需PE過高、待質化,WATCH,分數<65,False,,,
2027,大成鋼,鋼鐵,904.0,CYCLE,17,20,6,10,9,3,65,50.2,29.8,-1.6,44.1,18.7,26.7,4.9,178.4,359.5,15.6,15.7,27.4,6.0,22.0,7.7,2.6,3.21,61.7,17.2,0.89,6.2,9.9,30.0,8.8,13.7,18.6,12.0,,"{""2021"": 5.76, ""2022"": 6.26, ""2023"": 2.48, ""2024"": 1.54, ""2025"": 2.89}",2.89,True,True,2.89,17.4,5.4,4.17,3.53,2.89,proxy:cycle→normalized,proxy,-16.1,121.6,18.7,proxy,,,0,4,2,0,0,6,"platform:none,capacity:proxy,mix:proxy,visibility:none,tam:none",0,False,,0,0,3,3,34.7,淘汰(PE不合理)(proxy EPS)｜週期:用Normalized,19.0,40.0,62.0,-62.0,-21.0,23.0,,auto,0.0,False,False,8,無證據帳本,False,,,,,,,營收+44%、加速+19pp,週期高峰、翻倍需PE過高、待質化,WATCH,Base<20%、週期高峰,False,,,
8299,群聯,半導體,0,CYCLE,16,20,6,8,7,3,60,2025.8,,,326.6,117.4,189.2,220.2,812.2,3193.6,67.4,36.9,50.4,20.4,31.6,18.7,-22.4,-0.62,94.9,3.0,-0.05,8.0,9.2,20.0,9.9,15.2,34.3,10.8,,"{""2021"": 41.34, ""2022"": 27.68, ""2023"": 18.43, ""2024"": 39.0, ""2025"": 41.96}",39.0,True,True,39.0,51.9,18.8,187.17,113.08,39.0,proxy:cycle→normalized,proxy,-43.8,0,117.4,proxy,,,0,4,2,0,0,6,"platform:none,capacity:proxy,mix:proxy,visibility:none,tam:none",0,False,,0,0,3,3,103.9,淘汰(PE不合理)(proxy EPS)｜週期:用Normalized,269.0,593.0,1538.0,-87.0,-71.0,-24.0,,auto,0.0,False,False,8,無證據帳本,False,,,,,,,營收+327%、加速+117pp、ROE67%,週期高峰、現金流背離、翻倍需PE過高、待質化,WATCH,分數<65、Base<20%、週期高峰,True,持1000股@1990，+1.8%，防守線1850,,
2637,慧洋-KY,航運,567.0,CYCLE,16,20,3.5,10,8,1,58.5,99.8,37.6,-2.2,49.7,15.7,23.7,8.98,115.3,301.6,13.9,7.7,34.1,11.7,31.7,11.6,89.9,4.02,18.9,12.2,0.97,0.0,11.1,67.0,6.4,10.0,12.9,7.8,0.32,"{""2021"": 11.05, ""2022"": 14.17, ""2023"": 4.37, ""2024"": 8.08, ""2025"": 5.27}",8.08,True,False,8.08,12.4,2.4,12.73,15.39,17.33,proxy:raw82%→g1=42%衰減,proxy,24.5,184.7,15.7,proxy,,,0,1.5,2,0,0,3.5,"platform:none,capacity:proxy,mix:proxy,visibility:none,tam:none",0,False,,0,0,1,1,11.5,合理(≤PE p75)(proxy EPS),83.0,173.0,257.0,-17.0,74.0,158.0,0.23,auto,4.42,False,True,8,無證據帳本,False,,,,,,,營收+50%、加速+16pp、FCF90%、翻倍PE合理,待質化,WATCH,分數<65,False,,,
2606,裕民,航運,543.0,CYCLE,15,20,2,10,9,2,58,78.2,27.3,0.0,34.5,10.3,18.5,6.78,70.8,203.9,14.8,6.7,34.5,6.9,29.6,6.0,58.9,3.9,-22.3,41.1,1.44,0.0,11.5,44.0,10.3,12.0,14.3,8.5,0.41,"{""2021"": 5.79, ""2022"": 5.21, ""2023"": 3.25, ""2024"": 5.54, ""2025"": 4.31}",5.21,True,False,5.21,15.0,4.9,9.17,10.78,11.92,proxy:raw53%→g1=35%衰減,proxy,20.7,133.1,10.3,proxy,,,0,0,2,0,0,2,"platform:none,capacity:proxy,mix:proxy,visibility:none,tam:none",0,False,,0,0,2,2,13.1,合理(≤PE p75)(proxy EPS),92.0,143.0,196.0,18.0,83.0,151.0,,auto,9.9,False,True,8,無證據帳本,False,,,,,,,營收+34%、加速+10pp、FCF59%、翻倍PE合理,待質化,WATCH,分數<65,False,,,
6753,龍德造船,航運,165.0,CYCLE,17,20,2,10,6,3,58,137.5,3.1,-31.8,34.2,17.7,13.7,10.54,173.1,683.7,25.3,28.3,29.6,12.5,18.4,11.2,-26.6,0.22,-14.7,31.2,-0.61,8.8,13.1,0.0,17.8,20.5,27.8,15.3,,"{""2023"": 5.47, ""2024"": 6.27, ""2025"": 5.97}",5.97,True,True,5.97,23.0,11.2,8.96,7.46,5.97,proxy:cycle→normalized,proxy,-17.3,126.9,17.7,proxy,,,0,0,2,0,0,2,"platform:none,capacity:proxy,mix:proxy,visibility:none,tam:none",0,False,,0,0,3,3,46.1,淘汰(PE不合理)(proxy EPS)｜週期:用Normalized,59.0,122.0,191.0,-57.0,-11.0,39.0,,auto,0.0,False,False,8,無證據帳本,False,,,,,,,營收+34%、加速+18pp、ROE25%,週期高峰、現金流背離、翻倍需PE過高、待質化,WATCH,分數<65、Base<20%、週期高峰,False,,,
2031,新光鋼,鋼鐵,127.0,CYCLE,15,19,6,5,10,3,58,45.0,17.9,-17.2,23.4,39.7,-1.5,6.46,999,60.6,18.1,4.2,12.0,4.7,9.1,3.0,21.1,3.0,192.9,3.2,6.48,0.0,7.0,11.0,8.0,10.1,16.2,5.1,0.23,"{""2021"": 8.64, ""2022"": 1.24, ""2023"": 5.15, ""2024"": 4.5, ""2025"": 3.29}",4.5,True,False,4.5,10.0,2.9,8.91,10.6,11.81,proxy:raw62%→g1=38%衰減,proxy,22.3,-239.4,39.7,proxy,,,0,4,2,0,0,6,"platform:none,capacity:proxy,mix:proxy,visibility:none,tam:none",0,False,,0,0,3,3,7.6,合理(≤PE中位)(proxy EPS),62.0,119.0,220.0,38.0,165.0,389.0,,auto,9.9,True,True,8,無證據帳本,False,,,,,,,加速+40pp、FCF21%、翻倍PE合理,待質化,WATCH,分數<65,False,,,
2006,東和鋼鐵,鋼鐵,487.0,CYCLE,20,13,4,10,8,1,56,81.6,17.7,-7.8,12.7,12.4,0.0,7.53,24.5,59.6,16.4,12.4,15.7,1.4,14.5,1.1,31.6,3.99,24.3,4.9,0.63,0.0,10.8,58.0,8.8,10.7,11.4,9.3,0.98,"{""2021"": 5.95, ""2022"": 5.47, ""2023"": 6.47, ""2024"": 6.13, ""2025"": 6.47}",6.13,True,False,6.13,13.3,1.2,8.74,9.43,9.89,proxy:raw19%→g1=16%衰減,proxy,9.5,35.1,12.4,proxy,,,0,3,1,0,0,4,"platform:none,capacity:proxy,mix:proxy,visibility:none,tam:none",0,False,,0,0,1,1,16.5,淘汰(PE不合理)(proxy EPS),65.0,106.0,130.0,-20.0,30.0,59.0,0.67,auto,1.48,False,False,8,無證據帳本,False,,,,,,,加速+12pp、FCF32%,翻倍需PE過高、待質化,WATCH,分數<65,False,,,
2605,新興,航運,208.0,CYCLE,20,20,2,4,7,3,56,35.8,16.4,-14.4,34.5,-4.4,26.9,4.9,400.0,1405.0,16.2,8.6,39.7,20.8,25.3,17.5,118.2,3.97,-77.8,16.4,-0.88,0.0,7.3,1.0,15.1,25.2,36.7,8.6,,"{""2021"": 1.21, ""2022"": 0.34, ""2023"": 0.76, ""2024"": 2.56, ""2025"": 1.45}",1.21,True,True,1.21,29.6,14.4,4.17,2.69,1.21,proxy:cycle→normalized,proxy,-37.3,0,-4.4,proxy,,,0,0,2,0,0,2,"platform:none,capacity:proxy,mix:proxy,visibility:none,tam:none",0,False,,0,0,3,3,59.2,需Re-rating(proxy EPS)｜週期:用Normalized,7.0,30.0,51.0,-81.0,-15.0,43.0,,auto,0.0,False,False,8,無證據帳本,False,,,,,,,營收+34%、FCF118%,週期高峰、待質化,WATCH,分數<65、Base<20%、週期高峰,False,,,
4967,十銓,半導體,253.0,CYCLE,14,20,3.5,8,7,3,55.5,276.0,25.9,-6.4,82.1,23.1,62.8,65.41,2942.3,20261.5,84.4,36.9,29.1,20.0,10.0,23.4,-46.1,-2.04,106.2,0.8,0.62,18.7,4.1,2.0,11.5,18.7,36.0,5.0,,"{""2021"": -0.48, ""2022"": -0.16, ""2023"": 3.38, ""2024"": 6.97, ""2025"": 13.07}",3.38,True,True,3.38,81.7,19.1,55.6,29.49,3.38,proxy:cycle→normalized,proxy,-62.8,0,23.1,proxy,,,0,1.5,2,0,0,3.5,"platform:none,capacity:proxy,mix:proxy,visibility:none,tam:none",0,False,,0,0,3,3,163.3,淘汰(PE不合理)(proxy EPS)｜週期:用Normalized,10.0,63.0,140.0,-96.0,-77.0,-49.0,,auto,0.0,False,False,8,無證據帳本,False,,,,,,,營收+82%、加速+23pp、ROE84%,週期高峰、現金流背離、股本+19%、翻倍需PE過高、待質化,WATCH,分數<65、Base<20%、週期高峰,False,,,
2645,長榮航太,航運,588.0,CYCLE,23,13,4,9,4,2,55,173.5,6.1,-31.0,14.0,7.9,11.1,7.84,78.2,179.2,22.3,23.1,21.2,0.1,18.8,0.1,37.7,3.26,71.4,4.6,-0.36,0.0,22.1,34.0,21.2,23.1,27.0,26.1,,"{""2023"": 4.92, ""2024"": 4.89, ""2025"": 5.46}",4.92,True,True,4.92,35.3,2.4,6.66,5.79,4.92,proxy:cycle→normalized,proxy,-14.4,101.0,7.9,proxy,,,0,4,0,0,0,4,"platform:none,capacity:proxy,mix:proxy,visibility:none,tam:none",0,False,,0,0,2,2,70.5,淘汰(PE不合理)(proxy EPS)｜週期:用Normalized,78.0,114.0,153.0,-55.0,-34.0,-12.0,,auto,0.0,False,False,8,無證據帳本,False,,,,,,,ROE22%、FCF38%,週期高峰、翻倍需PE過高、待質化,WATCH,分數<65、Base<20%、週期高峰,False,,,
3006,晶豪科,半導體,567.0,CYCLE,22,16,3.5,5,6,2,54.5,278.5,55.7,-4.8,474.9,196.8,227.0,31.16,999,,70.0,135.5,40.4,29.8,14.7,30.4,49.6,1.87,4.6,3.5,-1.1,4.2,8.8,40.0,6.3,10.6,27.5,10.5,,"{""2021"": 17.76, ""2022"": 3.71, ""2023"": -4.36, ""2024"": 1.8, ""2025"": 0.87}",1.8,True,True,1.8,154.7,25.7,26.49,14.14,1.8,proxy:cycle→normalized,proxy,-61.3,,196.8,proxy,,,0,1.5,2,0,0,3.5,"platform:none,capacity:proxy,mix:proxy,visibility:none,tam:none",0,False,,0,0,2,2,309.4,淘汰(PE不合理)(proxy EPS)｜週期:用Normalized,9.0,19.0,57.0,-97.0,-93.0,-80.0,,auto,0.0,False,False,8,無證據帳本,False,,,,,,,營收+475%、加速+197pp、ROE70%、FCF50%,週期高峰、翻倍需PE過高、待質化,WATCH,分數<65、Base<20%、週期高峰,False,,,
5607,遠雄港,航運,176.0,CYCLE,14,20,3.5,4,10,3,54.5,56.8,18.3,-0.7,38.0,4.5,31.6,3.64,50.4,50.0,12.2,8.4,51.5,3.4,53.1,7.2,86.9,3.87,4.6,20.4,1.78,10.2,15.6,20.0,15.9,18.4,21.3,11.8,0.63,"{""2021"": 2.48, ""2022"": 4.28, ""2023"": 2.99, ""2024"": 1.99, ""2025"": 2.78}",2.78,True,False,2.78,20.4,-1.6,4.8,5.57,6.1,proxy:raw44%→g1=32%衰減,proxy,18.8,-0.4,4.5,proxy,,,0,1.5,2,0,0,3.5,"platform:none,capacity:proxy,mix:proxy,visibility:none,tam:none",0,False,,0,0,3,3,18.6,合理(≤PE p75)(proxy EPS),71.0,112.0,149.0,26.0,98.0,163.0,,auto,9.9,False,True,8,無證據帳本,False,,,,,,,營收+38%、FCF87%、翻倍PE合理,股本+10%、待質化,WATCH,分數<65,False,,,
2451,創見,半導體,1303.0,CYCLE,23,16,2,3,7,3,54,284.5,15.5,-18.5,321.6,-160.1,320.1,57.76,1465.3,2726.5,92.4,115.0,65.1,35.8,29.1,42.1,49.3,0.8,-76.3,0.1,-0.61,0.5,5.0,1.0,12.3,16.1,22.5,5.8,,"{""2021"": 5.89, ""2022"": 5.73, ""2023"": 4.63, ""2024"": 5.39, ""2025"": 12.98}",5.73,True,True,5.73,49.7,36.0,49.1,27.41,5.73,proxy:cycle→normalized,proxy,-53.7,0,-160.1,proxy,,,0,0,2,0,0,2,"platform:none,capacity:proxy,mix:proxy,visibility:none,tam:none",0,False,,0,0,3,3,99.3,淘汰(PE不合理)(proxy EPS)｜週期:用Normalized,21.0,92.0,148.0,-92.0,-68.0,-48.0,,auto,0.0,False,False,8,無證據帳本,False,,,,,,,營收+322%、ROE92%、FCF49%,週期高峰、翻倍需PE過高、待質化,WATCH,分數<65、Base<20%、週期高峰,False,,,
5007,三星,鋼鐵,172.0,CYCLE,22,13,1,10,6,2,54,56.4,2.4,-3.6,10.9,17.7,-3.5,3.53,24.3,125.0,15.2,16.4,26.1,1.6,24.9,1.6,36.1,2.46,-0.2,5.7,-0.94,0.0,15.9,43.0,15.0,16.3,17.4,13.9,1.54,"{""2021"": 3.34, ""2022"": 3.6, ""2023"": 3.38, ""2024"": 3.58, ""2025"": 3.02}",3.38,True,False,3.38,16.7,1.2,4.07,4.38,4.58,proxy:raw18%→g1=15%衰減,proxy,9.0,100.7,17.7,proxy,,,0,0,1,0,0,1,"platform:none,capacity:proxy,mix:proxy,visibility:none,tam:none",0,False,,0,0,2,2,24.6,淘汰(PE不合理)(proxy EPS),52.0,75.0,92.0,-9.0,32.0,62.0,0.27,auto,3.74,False,False,8,無證據帳本,False,,,,,,,加速+18pp、FCF36%,翻倍需PE過高、待質化,WATCH,分數<65,False,,,
6505,台塑化,油電燃氣,5220.0,CYCLE,18,19,2,5,6,3,53,78.1,38.8,-16.2,25.9,18.0,5.3,5.76,999,,14.4,11.1,10.9,10.7,6.0,10.7,12.8,2.79,-4.4,2.9,-0.42,0.0,13.6,2.0,18.4,29.1,67.8,15.9,,"{""2021"": 5.19, ""2022"": 1.51, ""2023"": 2.3, ""2024"": 0.63, ""2025"": 1.04}",1.51,True,True,1.51,51.7,4.9,4.9,3.2,1.51,proxy:cycle→normalized,proxy,-36.0,,18.0,proxy,,,0,0,2,0,0,2,"platform:none,capacity:proxy,mix:proxy,visibility:none,tam:none",0,False,,0,0,3,3,103.4,淘汰(PE不合理)(proxy EPS)｜週期:用Normalized,15.0,44.0,118.0,-80.0,-44.0,51.0,,auto,0.0,False,False,8,無證據帳本,False,,,,,,,加速+18pp、FCF13%,週期高峰、翻倍需PE過高、待質化,WATCH,分數<65、Base<20%、週期高峰,False,,,
2344,華邦電,半導體,4883.0,CYCLE,22,16,2,5,5,1,51,174.0,41.1,-21.6,257.0,105.1,131.1,9.06,999,,33.7,26.7,52.0,25.9,35.3,31.8,29.4,2.33,-38.4,14.9,-0.22,7.7,19.2,54.0,7.5,15.7,76.0,22.6,,"{""2021"": 3.43, ""2022"": 3.25, ""2023"": -0.29, ""2024"": 0.15, ""2025"": 0.88}",0.88,True,True,0.88,197.7,16.7,7.7,4.29,0.88,proxy:cycle→normalized,proxy,-54.0,,105.1,proxy,,,0,0,2,0,0,2,"platform:none,capacity:proxy,mix:proxy,visibility:none,tam:none",0,False,,0,0,1,1,395.5,淘汰(PE不合理)(proxy EPS)｜週期:用Normalized,5.0,14.0,77.0,-97.0,-92.0,-56.0,,auto,0.0,False,False,8,無證據帳本,False,,,,,,,營收+257%、加速+105pp、ROE34%、FCF29%,週期高峰、翻倍需PE過高、待質化,WATCH,分數<65、Base<20%、週期高峰,False,,,
8271,宇瞻,半導體,311.0,CYCLE,16,16,6,3,7,3,51,217.0,29.7,-14.7,180.9,-111.7,178.6,40.43,1657.8,1952.0,81.9,49.3,37.4,22.5,19.1,20.3,-24.8,-1.17,870.0,2.7,0.18,0.7,5.4,0.0,10.0,13.4,16.1,6.3,,"{""2021"": 4.81, ""2022"": 5.25, ""2023"": 4.51, ""2024"": 2.19, ""2025"": 6.7}",4.81,True,True,4.81,45.1,18.3,34.37,19.59,4.81,proxy:cycle→normalized,proxy,-50.8,0,-111.7,proxy,,,0,4,2,0,0,6,"platform:none,capacity:proxy,mix:proxy,visibility:none,tam:none",0,False,,0,0,3,3,90.2,淘汰(PE不合理)(proxy EPS)｜週期:用Normalized,19.0,64.0,89.0,-91.0,-70.0,-59.0,,auto,0.0,False,False,8,無證據帳本,False,,,,,,,營收+181%、ROE82%,週期高峰、現金流背離、翻倍需PE過高、待質化,WATCH,分數<65、Base<20%、週期高峰,False,,,
9958,世紀鋼,鋼鐵,251.0,CYCLE,16,11,5,5,10,3,50,88.1,-23.8,-62.1,82.1,53.8,29.8,7.04,23.5,-33.8,15.4,21.1,27.7,1.8,23.6,-0.3,-18.7,8.48,271.8,115.1,0.21,3.6,12.5,0.0,19.2,26.2,35.5,9.3,0.45,"{""2021"": 5.46, ""2022"": 1.59, ""2023"": 4.45, ""2024"": 6.95, ""2025"": 6.56}",5.46,True,False,5.46,16.1,4.1,9.52,11.2,12.39,proxy:raw53%→g1=35%衰減,proxy,20.7,-57.3,53.8,proxy,,,0,4,1,0,0,5,"platform:none,capacity:proxy,mix:proxy,visibility:none,tam:none",0,False,,0,0,3,3,14.2,合理(≤PE中位)(proxy EPS),116.0,325.0,506.0,32.0,268.0,474.0,,auto,9.9,True,True,8,無證據帳本,False,,,,,,,營收+82%、加速+54pp、翻倍PE合理,待質化,WATCH,分數<65,False,,,
2101,南港,橡膠,243.0,CYCLE,19,16,2,0,7,3,47,31.4,-6.8,-35.3,176.7,-11.7,13.0,5.54,129.9,,31.5,16.7,31.4,5.5,20.8,5.1,54.3,0.93,-39.0,1.7,1.04,-12.0,5.5,0.0,11.3,17.4,70.0,6.7,,"{""2021"": -0.27, ""2022"": -1.22, ""2023"": 0.15, ""2024"": 3.53, ""2025"": 1.01}",0.15,True,True,0.15,209.3,10.6,4.71,2.43,0.15,proxy:cycle→normalized,proxy,-70.0,,-11.7,proxy,,,0,0,2,0,0,2,"platform:none,capacity:proxy,mix:proxy,visibility:none,tam:none",0,False,,0,0,3,3,418.7,淘汰(PE不合理)(proxy EPS)｜週期:用Normalized,1.0,3.0,12.0,-98.0,-92.0,-62.0,,auto,0.0,False,False,8,無證據帳本,False,,,,,,,營收+177%、ROE32%、FCF54%,週期高峰、股本+-12%、翻倍需PE過高、待質化,WATCH,分數<65、Base<20%、週期高峰,False,,,
1303,南亞,塑膠,7439.0,CYCLE,12,20,3.5,5,3,2,45.5,225.5,108.7,-7.0,35.9,28.7,9.8,6.2,999,,12.7,2.6,12.1,4.4,9.7,4.9,-1.6,1.45,1.9,11.0,0.82,0.0,36.4,45.0,11.1,46.2,85.3,42.8,,"{""2021"": 10.26, ""2022"": 4.06, ""2023"": 0.8, ""2024"": 0.43, ""2025"": 0.57}",0.8,True,True,0.8,281.9,2.4,5.27,3.03,0.8,proxy:cycle→normalized,proxy,-49.5,,28.7,proxy,,,0,1.5,2,0,0,3.5,"platform:none,capacity:proxy,mix:proxy,visibility:none,tam:none",0,False,,0,0,2,2,563.8,淘汰(PE不合理)(proxy EPS)｜週期:用Normalized,7.0,37.0,78.0,-97.0,-84.0,-65.0,,auto,0.0,False,False,8,無證據帳本,False,,,,,,,營收+36%、加速+29pp,週期高峰、翻倍需PE過高、待質化,WATCH,分數<65、Base<20%、週期高峰,False,,,
2337,旺宏,半導體,3318.0,CYCLE,20,16,2,5,2,0,45,121.5,10.6,-34.5,190.8,87.4,87.4,4.19,999,,16.6,14.2,35.7,16.9,31.2,28.5,32.9,4.1,-63.2,9.6,-0.42,6.8,28.8,97.0,5.2,7.2,10.7,34.1,,"{""2021"": 6.48, ""2022"": 4.85, ""2023"": -0.92, ""2024"": -1.72, ""2025"": -1.78}",-0.92,True,True,2.1,57.9,4.5,3.56,2.83,2.1,proxy:cycle→normalized,proxy,-20.6,,87.4,proxy,,,0,0,2,0,0,2,"platform:none,capacity:proxy,mix:proxy,visibility:none,tam:none",0,False,,0,0,0,0,115.7,淘汰(PE不合理)(proxy EPS)｜週期:用Normalized,8.0,15.0,26.0,-93.0,-88.0,-79.0,,auto,0.0,False,False,8,無證據帳本,False,,,,,,,營收+191%、加速+87pp、FCF33%,週期高峰、PE位階97%、翻倍需PE過高、待質化,REDUCE,Base<20% 且 PE 位階≥95%、分數<60,False,,,
6177,達麗,建材營造,215.0,CYCLE,10,16,2,5,9,3,45,49.2,10.4,-5.7,647.1,322.4,109.3,9.11,133.0,,38.3,13.2,32.4,5.9,25.2,16.1,-49.6,-3.12,-9.5,0.0,3.54,15.7,5.4,17.0,7.7,10.9,16.4,6.4,,"{""2021"": 4.03, ""2022"": 3.09, ""2023"": 5.1, ""2024"": 5.01, ""2025"": 3.83}",4.03,False,True,4.03,12.2,7.2,7.74,5.89,4.03,proxy:cycle→normalized,proxy,-23.8,,322.4,proxy,,,0,0,2,0,0,2,"platform:none,capacity:proxy,mix:proxy,visibility:none,tam:none",0,False,,0,0,3,3,24.4,需Re-rating(proxy EPS)｜週期:用Normalized,16.0,44.0,76.0,-67.0,-11.0,54.0,,auto,0.0,False,False,8,無證據帳本,False,,,,,,,營收+647%、加速+322pp、ROE38%,週期高峰、現金流背離、股本+16%、待質化,WATCH,分數<65、Base<20%、週期高峰,False,,,
2408,南亞科,半導體,8738.0,CYCLE,21,16,2,0,4,1,44,496.0,63.9,-8.7,633.9,-35.2,559.0,27.15,999,,42.2,67.3,53.7,64.4,20.2,85.1,58.9,1.76,-23.3,19.0,-1.44,11.4,19.2,69.0,7.8,13.4,30.5,21.5,,"{""2021"": 7.41, ""2022"": 4.71, ""2023"": -2.4, ""2024"": -1.64, ""2025"": 2.13}",2.13,True,True,2.13,232.9,33.5,23.08,12.6,2.13,proxy:cycle→normalized,proxy,-57.2,,-35.2,proxy,,,0,0,2,0,0,2,"platform:none,capacity:proxy,mix:proxy,visibility:none,tam:none",0,False,,0,0,1,1,465.7,淘汰(PE不合理)(proxy EPS)｜週期:用Normalized,12.0,29.0,75.0,-97.0,-94.0,-85.0,,auto,0.0,False,False,8,無證據帳本,False,,,,,,,營收+634%、ROE42%、FCF59%,週期高峰、股本+11%、翻倍需PE過高、待質化,WATCH,分數<65、Base<20%、週期高峰,False,,,
9937,全國,油電燃氣,176.0,CYCLE,20,6,1,8,6,3,44,55.2,0.6,-12.7,14.9,16.6,-0.9,2.58,10.3,14.3,13.8,15.9,12.3,0.6,11.6,0.4,20.1,6.05,-68.0,1.2,-0.59,0.0,21.5,28.0,21.4,25.4,26.7,19.2,2.91,"{""2021"": 2.61, ""2022"": 2.35, ""2023"": 2.54, ""2024"": 2.38, ""2025"": 2.37}",2.38,True,False,2.38,23.2,0.7,2.87,3.03,3.13,proxy:raw13%→g1=11%衰減,proxy,6.6,4.0,16.6,proxy,,,0,0,1,0,0,1,"platform:none,capacity:proxy,mix:proxy,visibility:none,tam:none",0,False,,0,0,3,3,35.3,淘汰(PE不合理)(proxy EPS),50.0,80.0,96.0,-9.0,44.0,74.0,0.2,auto,4.9,False,False,8,無證據帳本,False,,,,,,,加速+17pp、FCF20%,翻倍需PE過高、待質化,WATCH,分數<65,False,,,
8926,台汽電,油電燃氣,351.0,CYCLE,13,12,1.5,5,6,3,40.5,57.5,11.2,-29.0,1315.6,839.8,404.1,4.07,59.6,-0.8,17.7,5.4,10.1,-2.4,10.2,-2.2,17.0,2.5,2.6,2.3,5.17,13.7,15.8,4.0,18.7,24.5,27.8,16.6,,"{""2021"": 1.53, ""2022"": 1.54, ""2023"": 1.96, ""2024"": 1.86, ""2025"": 2.45}",1.86,True,True,1.86,30.9,-0.1,3.46,2.66,1.86,proxy:cycle→normalized,proxy,-23.0,-60.4,839.8,proxy,,,0,1.5,0,0,0,1.5,"platform:none,capacity:proxy,mix:proxy,visibility:none,tam:none",0,False,,0,0,3,3,61.8,淘汰(PE不合理)(proxy EPS)｜週期:用Normalized,22.0,46.0,59.0,-62.0,-21.0,3.0,,auto,0.0,False,False,8,無證據帳本,False,,,,,,,營收+1316%、加速+840pp、FCF17%,週期高峰、股本+14%、翻倍需PE過高、待質化,WATCH,分數<65、Base<20%、週期高峰,False,,,
1307,三芳,塑膠,124.0,CYCLE,14,7,0,5,9,3,38,30.5,-1.9,-34.9,10.4,13.5,2.0,3.35,15.9,,13.6,11.2,31.4,0.1,24.8,-2.2,3.4,2.71,-8.8,17.8,0.09,0.0,9.1,2.0,11.5,15.2,18.3,10.7,,"{""2021"": 0.29, ""2022"": 1.17, ""2023"": 1.92, ""2024"": 3.72, ""2025"": 2.85}",1.92,True,True,1.92,15.9,6.6,2.85,2.38,1.92,proxy:cycle→normalized,proxy,-16.9,,13.5,proxy,,,0,0,0,0,0,0,"platform:none,capacity:proxy,mix:proxy,visibility:none,tam:none",0,False,,0,0,3,3,31.8,需Re-rating(proxy EPS)｜週期:用Normalized,13.0,29.0,40.0,-57.0,-4.0,32.0,,auto,0.0,False,False,8,無證據帳本,False,,,,,,,加速+14pp,週期高峰、待質化,WATCH,分數<65、Base<20%、週期高峰,False,,,
