{
  "timestamp": "2026-05-13",
  "us_sectors_yesterday": {
    "XLV": 1.9644945115187218,
    "XLP": 1.2834348801410878,
    "XLF": 0.781558271773708,
    "XLE": 0.6996703492920364,
    "XLC": 0.24225538575968208,
    "XLU": 0.11076481554408435,
    "XLRE": 0.02244140969027697,
    "XLB": -0.22961908866981906,
    "XLI": -0.39418830500598245,
    "QQQ": -0.848180680976407,
    "XLY": -0.9047514502847798,
    "IGV": -1.3783217183256924,
    "XLK": -1.5066381049044342,
    "SMH": -2.613176523466887,
    "SOXL": -9.400269965659314
  },
  "hot_us_sectors": {
    "XLV": 1.9644945115187218,
    "XLP": 1.2834348801410878
  },
  "tw_industries_synced": [
    "貿易百貨",
    "生技醫療",
    "食品"
  ],
  "top5_synced_picks": [
    {
      "ticker": "6861",
      "name": "睿生光電",
      "industry": "生技醫療",
      "change_pct": 9.51156812339331,
      "today": 426.0,
      "us_score": 1.9644945115187218,
      "combined": 6.492738678643475
    }
  ]
}