{
  "timestamp": "2026-06-11",
  "us_sectors_yesterday": {
    "XLP": 1.6527935967515672,
    "XLE": 1.4985199851852204,
    "XLU": 0.04547625732571614,
    "XLRE": 0.04447511056429043,
    "XLC": -0.4216013693489784,
    "XLF": -0.43842841450678627,
    "XLV": -1.1127651803078065,
    "IGV": -1.4739054999112655,
    "QQQ": -1.9976568253734728,
    "XLY": -2.054030229047099,
    "XLK": -2.2902026286443666,
    "XLB": -2.3045144240562254,
    "XLI": -3.3826891998538056,
    "SOXL": -10.427409531447418
  },
  "hot_us_sectors": {
    "XLP": 1.6527935967515672,
    "XLE": 1.4985199851852204
  },
  "tw_industries_synced": [
    "貿易百貨",
    "油電燃氣",
    "食品"
  ],
  "top5_synced_picks": [
    {
      "ticker": "4807",
      "name": "日成-KY",
      "industry": "貿易百貨",
      "change_pct": 9.867447419259046,
      "today": 37.29999923706055,
      "us_score": 1.6527935967515672,
      "combined": 6.581585890256054
    }
  ]
}